Organization Name,Address ,Unit Number,Community,State,Zip Code,County,Services Offered 1,Services Offered 2,Services Offered 3,Services Offered 4,Services Offered 5,Services Offered 6,Services Offered 7,Services Offered 8,Services Offered 9,Website URL,Phone Number,Contact Name 1,Contact Email 1,Contact Name 2,Contact Email 2,Service Class 1,Service Class 2,Service Class 3,Target Population 1,Target Population 2,Target Population 3,Age Range,Additional Notes,,,,,,,,,,,,,,,,,,,,,,
"COPLAR (Children of Peace, Love and Rainbows)",,,Turners Falls,MA,,Franklin,support group,discussion group,social group,,,,,,,,(413) 863-9576,,,,,Clubhouse,,,LGBTQ youth,ally,,,group meets every Thursday 4-6pm,,,,,,,,,,,,,,,,,,,,,,
Franklin Area Gay and Lesbian Youth (FRAGLY),,,Franklin,MA,,Franklin,support group,social group,,,,,,,,,(508)-528-6412,,,,,Clubhouse,,,LGBTQ youth,,,,,,,,,,,,,,,,,,,,,,,,,,
Generation Q South: Community Action Youth Programs,2 Conz Street,Maplewood Shops #34,Northampton,MA,01060,Franklin,support group,social group,,,,,,,,http://www.communityaction.us/our-groups-programs.html,413-774-7028,GenQ@communityaction.us,,,,Clubhouse,,,LGBTQ youth 12-21,,,,,,,,,,,,,,,,,,,,,,,,,,
Generation Q North: Community Action Youth Programs,154 Federal Street,,Greenfield,MA,01301,Franklin,support group,social group,,,,,,,,http://www.communityaction.us/our-groups-programs.html,413-774-7028,GenQ@communityaction.us,,,,Clubhouse,,,,,,,,,,,,,,,,,,,,,,,,,,,,,
"Greenfield GLASS (Gay, Lesbian and Straight Society)",,,Greenfield,MA,,Franklin,support group,social group,,,,,,,,,"413-774-7028
",GLASS@fcac.net,,,,Clubhouse,,,LGBTQ youth,,,,,,,,,,,,,,,,,,,,,,,,,,
PFLAG Franklin-Hampshire,53 Elm Street,,Shellbourne Falls,MA,01370,Franklin,support group,public education,,,,,,,,,(413)-625-6636,jcmalinski48@gmail.com,,,,"Community Prevention, Education and Outreach",,,parent of LGBTQ youth,ally,,,,,,,,,,,,,,,,,,,,,,,,,
"TREE (Transgender Rights, Education and Empowerment): Community Action Youth Programs",154 Federal Street,,Greenfield,MA,01301,Franklin,support group,social group,,,,,,,,http://www.communityaction.us/our-groups-programs.html,413-774-7028,TREE@communityaction.us,,,,Center-Based Basic Living and Personal Care Supports,Training and Skills Development,Clubhouse,LGBTQ youth 12-21,transgender youth,,,,,,,,,,,,,,,,,,,,,,,,,
"TREE (Transgender Rights, Education and Empowerment): Community Action Youth Programs",2 Conz Street,Maplewood Shops #34,Northampton,MA,01060,Franklin,support group,social group,,,,,,,,http://www.communityaction.us/our-groups-programs.html,413-774-7028,TREE@communityaction.us,,,,Center-Based Basic Living and Personal Care Supports,Training and Skills Development,Clubhouse,LGBTQ youth 12-21,transgender youth,,,,,,,,,,,,,,,,,,,,,,,,,
Tapestry Health,80 Sanderson Street,,Greenfield,MA,01301,Franklin,healthcare,STI testing,HIV/AIDS,referrals ,housing services,,,,,http://www.tapestryhealth.org,(413) 773-8888,,,,,"Clinical and Medical Counseling, Therapy and Treatment",,,"all, with specializations in both youth and LGBTQ folks",,,,,,,,,,,,,,,,,,,,,,,,,,
BRAGLY,942 West Chestnut St.,,Brockton,MA,02301,Plymouth,social group,support group,STI testing,,,,,,,http://www.healthimperatives.org/glys/bragly,(800) 530-2770 ext. 229,Missy Sturtevant,msturtevant@healthimperatives.org,Clubhouse,,,LGBTQ youth,,,13-22,,,,,,,,,,,,,,,,,,,,,,,,,
Metro Southeast Gay and Lesbian Youth,,,Brockton,MA,,Plymouth,social group,support group,,,,,,,,,(508) 583-2350,Lisa Marshall/Heidi Holland/Rob Lamarche,,Clubhouse,,,LGBTQ youth,,,,,,,,,,,,,,,,,,,,,,,,,,,,
SSHAGLY (South Shore Alliance of Gay and Lesbian Youth),24 River Street,,Norwell,MA,02061,Plymouth,social group,support group,,,,,,,,https://www.facebook.com/sshagly.southshore,781-312-8073,,Sshagly@gmail.com,Clubhouse,,,LGBTQ youth,,,,,,,,,,,,,,,,,,,,,,,,,,,,
The GLBT Youth Support Project and OutHealth!,942 West Chestnut St.,,Brockton,MA,02301,Plymouth,resources,training and technical assistance,risk assessment,,,,,,,http://www.hcsm.org/glys/home,800.530.2770 ext. 229,Missy Sturtevant,msturtevant@healthimperatives.org,"Community Prevention, Education and Outreach",,,LGBTQ youth,Family,Ally,,,,,,,,,,,,,,,,,,,,,,,,,,
Latin American Health Institute,142 Crescent Street,Second Floor,Brockton,MA,02302,Plymouth,HIV/AIDS,resources,healthcare,mental health services,Substance abuse services,,,,,http://www.lhi.org/Homepage.aspx,508 941-0005,Ginny Mercure,ginny@lhi.org,,,"Community Prevention, Education and Outreach",LGBTQ youth,,LGBTQ youth,,,,,Pubilc Health/ HIV Services for Latin American community,,,,,,,,,,,,,,,,,,,,,
Child and Family Services,118 Long Pond Road,Suite 102,Plymouth,MA,02360,Plymouth,mental health services,counseling,case management,referrals,family support,training and technical assistance,adoption services,,,http://child-familyservices.org/cape-cod/, (800) 469-9888,,,,,"Clinical and Medical Counseling, Therapy, and Treatment",LGBTQ youth,,LGBTQ youth,family,parent,ally,,,,,,,,,,,,,,,,,,,,,,,
New Bedford Alliance for Gay and Lesbian Youth (NB-AGLY),484 Pleasant Street,,New Bedford,MA,02740,Bristol,social group,support group,,,,,,,,http://aperfectplace.org/,508.994.4521 x105,,nbagly@gmail.com,Clubhouse,,,LGBTQ youth,,,14-24,,,,,,,,,,,,,,,,,,,,,,,,,
Southcoast Diversity Alliance,,,New Bedford,MA,02742 ,Bristol,social group,support group,,,,,,,,,(508) 996-3147,,,Clubhouse,,,LGBTQ youth,,,,,,,,,,,,,,,,,,,,,,,,,,,,
"UMass Dartmouth Center for Women, Gender and Sexuality and Pride Alliance",285 Old Westport Road,MacLean Campus Center Suite 207,North Dartmouth,MA,02747,Bristol,social group,counseling,domestic violence services,support group,resources,,,,,http://www.umassd.edu/cwgs/,508.910.6567,,cwgs@umassd.edu,Clubhouse,,,LGBTQ youth,allies,,college students,,,,,,,,,,,,,,,,,,,,,,,,,
Child and Family Services (Headquarters),3057 Acushnet Avenue,,New Bedford,MA,02745,Bristol,mental health services,counseling,case management,referrals,family support,training and technical assistance,adoption services,,,http://child-familyservices.org/cape-cod/,(508) 742-1040,,,,,"Clinical and Medical Counseling, Therapy, and Treatment",,,LGBTQ youth,family,parent,ally,,,,,,,,,,,,,,,,,,,,,,,
Child and Family Services (Mental Health Clinic),1061 Pleasant Street,,New Bedford,MA,02740,Bristol,mental health services,counseling,case management,referrals,family support,training and technical assistance,adoption services,,,http://child-familyservices.org/cape-cod/, (508) 996-8572,,,,,"Clinical and Medical Counseling, Therapy, and Treatment",,,LGBTQ youth,family,parent,ally,,,,,,,,,,,,,,,,,,,,,,,
Child and Family Services (Mental Health Clinic),66 Troy Street,,New Bedford,MA,02740,Bristol,mental health services,counseling,case management,referrals,family support,training and technical assistance,adoption services,,,http://child-familyservices.org/cape-cod/,(508) 676-5708,,,,,"Clinical and Medical Counseling, Therapy, and Treatment",,,LGBTQ youth,family,parent,ally,,,,,,,,,,,,,,,,,,,,,,,
Child and Family Services,543 North Street,,New Bedford,MA,02740,Bristol,mental health services,counseling,case management,referrals,family support,training and technical assistance,adoption services,,,http://child-familyservices.org/cape-cod/,(508) 996-3154,,,,,"Clinical and Medical Counseling, Therapy, and Treatment",,,LGBTQ youth,family,parent,ally,,,,,,,,,,,,,,,,,,,,,,,
"Journeys of Hope, Inc.",211 Bridge Street,,Salem,MA,01970,Essex,homeless services,case management,service referrals ,education services,,,,,,http://johma.org/,978-500-7478,Phil Hayes,phayes.journeysofhope@gmail.com﻿,,,Child/Adolescent Community Based Social Skills and Recreation,,,homeless youth,,,18-23,,,,,,,,,,,,,,,,,,,,,,,
"MCVAGLY (Merrimack Valley Alliance of Gay, Lesbian, Bisexual, and Transgender Youth)",190 Academy Road,,North Andover,MA,01845,Essex,support group,social group,,,,,,,,www.mcvagly.org,,Tad,tjbickford@comcast.net,Amy,morgnsgrl@comcast.net,Clubhouse,,,LGBTQ youth,ally,,,,,,,,,,,,,,,,,,,,,,,,,
North Shore Alliance of Gay and Lesbian Youth (NAGLY),211 Bridge Street,,Salem,MA,01970,Essex,support group,social group,,,,,,,,http://www.nagly.org/,617-927-6088,Coco Alinsug,naglyleaders@gmail.com,,,Clubhouse,,,LGBTQ youth,,,,,,,,,,,,,,,,,,,,,,,,,,
One Gordon (at Gordon College),,,Wenham,MA,01984,Essex,college group,social group,,,,,,,,https://www.facebook.com/OneGordonLGBTQ,,Paul Miller,paulolanmiller@gmail.com) ,,,Clubhouse,,,LGBTQ youth,,,college student,,,,,,,,,,,,,,,,,,,,,,,
Health Quarters,900 Cummings Center,Suite 126-R,Beverly,MA,01915,Essex,healthcare,STI testing,training and technical assistance,,,,,,,http://www.healthq.org/,978-922-4490,,info@healthq.org,,,,,,LGBTQ youth,,,,,,,,,,,,,,,,,,,,,,,,,,
Health Quarters,215 Summer Street,Suite 16,Haverhill,MA,01830,Essex,healthcare,STI testing,training and technical assistance,,,,,,,http://www.healthq.org/,978-521-4444,,info@healthq.org,,,,,,LGBTQ youth,,,,,,,,,,,,,,,,,,,,,,,,,,
Health Quarters,101 Amesbury Street,Suites 106 &107,Lawrence,MA,01840,Essex,healthcare,STI testing,training and technical assistance,,,,,,,http://www.healthq.org/,978-681-5258,,info@healthq.org,,,,,,LGBTQ youth,,,,,,,,,,,,,,,,,,,,,,,,,,
Lynn Community Health Center (Health Quarters),694 Western Avenue,,Lynn,MA,01905,Essex,healthcare,STI testing,training and technical assistance,,,,,,,http://www.healthq.org/,781-593-1115,,info@healthq.org,,,,,,LGBTQ youth,,,,,,,,,,,,,,,,,,,,,,,,,,
Salem Family Health Center (Health Quarters),47 Congress Street,,Salem,MA,01970,Essex,healthcare,STI testing,training and technical assistance,,,,,,,http://www.healthq.org/,(978) 744-8388,,info@healthq.org,,,,,,LGBTQ youth,,,,,,,,,,,,,,,,,,,,,,,,,,
Child and Family Services,439 South Union Street,Suite 203B,Lawrence,MA,01843,Essex,mental health services,counseling,case management,referrals,family support,training and technical assistance,adoption services,,,http://child-familyservices.org/cape-cod/, (800) 469-9888,,,,,"Clinical and Medical Counseling, Therapy, and Treatment",,,LGBTQ youth,family,parent,ally,,,,,,,,,,,,,,,,,,,,,,,
Nantucket AIDS Network, 35 Old South Road,,Nantucket,MA,02554,Nantucket,STI testing,case management,referrals,training and technical assistance,,,,,,http://www.nantucketaids.org/home.php,"www.nantucketaids.org, (508) 228-3955, francesca@nantucketaids.org",Francesca Ifantiedes,francesca@nantucketaids.org,Libby Maynes ,libby@nantucketaids.org,Case Management,,,LGBTQ youth,Individuals Living with HIV/AIDS,Individuals living with Hepatitis C,,,,,,,,,,,,,,,,,,,,,,,,
BAGELS at Harvard University,1350 Massachusetts Ave,,Cambridge,MA,02138,Middlesex,social group,public education,,,,,,,, http://www.hcs.harvard.edu/~bagels/,,,bagels@hcs.harvard.edu,,,Clubhouse,,,LGBTQ youth,,,college student,,,,,,,,,,,,,,,,,,,,,,,
Younger Bi/Fluid Group (Bisexual Resource Center),250 Elm Street,,Somerville,MA,02144,Middlesex,support group,,,,,,,,,http://www.biresource.net/bostongroups.shtml,617-424-9595,,youngblissboston@gmail.com,,,Clubhouse,,,LGBTQ youth,,,20-29,,,,,,,,,,,,,,,,,,,,,,,
Cambridge Health Alliance - Broadway Health Center,300 Broadway,,Somerville,MA,02145,Middlesex,healthcare,primary care,,,,,,,,http://www.challiance.org/Main/Home.aspx,617-665-1000,,,,,"Clinical and Medical Counseling, Therapy, and Treatment ",,,LGBTQ youth,,,,,,,,,,,,,,,,,,,,,,,,,,
Cambridge Health Alliance - Cambridge Family Health,237 Hampshire St,,Cambridge,MA,02139,Middlesex,healthcare,primary care,,,,,,,,http://www.challiance.org/Main/Home.aspx,617-665-1000,,,,,"Clinical and Medical Counseling, Therapy, and Treatment ",,,LGBTQ youth,,,,,,,,,,,,,,,,,,,,,,,,,,
Cambridge Health Alliance - Cambridge Family Health North,2067 Massachusetts Avenue,,Cambridge,MA,02140,Middlesex,healthcare,primary care,,,,,,,,http://www.challiance.org/Main/Home.aspx,617-665-1000,,,,,"Clinical and Medical Counseling, Therapy, and Treatment ",,,LGBTQ youth,,,,,,,,,,,,,,,,,,,,,,,,,,
Cambridge Health Alliance - Cambridge Pediatrics,1493 Cambridge Street,,Cambridge,MA,02139,Middlesex,healthcare,primary care,,,,,,,,http://www.challiance.org/Main/Home.aspx,617-665-1000,,,,,"Clinical and Medical Counseling, Therapy, and Treatment ",,,LGBTQ youth,,,,,,,,,,,,,,,,,,,,,,,,,,
Cambridge Health Alliance - Cambridge Primary Care Center,1493 Cambridge Street,,Cambridge,MA,02139,Middlesex,healthcare,primary care,,,,,,,,http://www.challiance.org/Main/Home.aspx,617-665-1000,,,,,"Clinical and Medical Counseling, Therapy, and Treatment ",,,LGBTQ youth,,,,,,,,,,,,,,,,,,,,,,,,,,
Cambridge Health Alliance - Cambridge Teen Health Center,459 Broadway,,Cambridge,MA,02138,Middlesex,healthcare,primary care,,,,,,,,http://www.challiance.org/Main/Home.aspx,617-665-1000,,,,,"Clinical and Medical Counseling, Therapy, and Treatment ",,,LGBTQ youth,,,,,,,,,,,,,,,,,,,,,,,,,,
Cambridge Health Alliance - East Cambridge Health Center,163 Gore Street,,Cambridge,MA,02141,Middlesex,healthcare,primary care,,,,,,,,http://www.challiance.org/Main/Home.aspx,617-665-1000,,,,,"Clinical and Medical Counseling, Therapy, and Treatment ",,,LGBTQ youth,,,,,,,,,,,,,,,,,,,,,,,,,,
Cambridge Health Alliance - Everett Family Health Center,391 Broadway,Suite 204,Cambridge,MA,02149,Middlesex,healthcare,primary care,,,,,,,,http://www.challiance.org/Main/Home.aspx,617-665-1000,,,,,"Clinical and Medical Counseling, Therapy, and Treatment ",,,LGBTQ youth,,,,,,,,,,,,,,,,,,,,,,,,,,
Cambridge Health Alliance - Everett Teen Health Center,100 Elm Street,,Everett,MA,02149,Middlesex,healthcare,primary care,,,,,,,,http://www.challiance.org/Main/Home.aspx,617-665-1000,,,,,"Clinical and Medical Counseling, Therapy, and Treatment ",,,LGBTQ youth,,,,,,,,,,,,,,,,,,,,,,,,,,
Cambridge Health Alliance - Malden Family Medicine Center,195 Canal Street,,Malden,MA,02148,Middlesex,healthcare,primary care,,,,,,,,http://www.challiance.org/Main/Home.aspx,617-665-1000,,,,,"Clinical and Medical Counseling, Therapy, and Treatment ",,,LGBTQ youth,,,,,,,,,,,,,,,,,,,,,,,,,,
Cambridge Health Alliance - Revere Family Health Center,454 Broadway,,Revere,MA,02151,Middlesex,healthcare,primary care,,,,,,,,http://www.challiance.org/Main/Home.aspx,617-665-1000,,,,,"Clinical and Medical Counseling, Therapy, and Treatment ",,,LGBTQ youth,,,,,,,,,,,,,,,,,,,,,,,,,,
Cambridge Health Alliance - Somerville Hospital Primary Care,236 Highland Street,,Somerville,MA,02143,Middlesex,healthcare,primary care,,,,,,,,http://www.challiance.org/Main/Home.aspx,617-665-1000,,,,,"Clinical and Medical Counseling, Therapy, and Treatment ",,,LGBTQ youth,,,,,,,,,,,,,,,,,,,,,,,,,,
Cambridge Health Alliance - Somerville Teen Connection,81 Highland Avenue,,Somerville,MA,02143,Middlesex,healthcare,primary care,,,,,,,,http://www.challiance.org/Main/Home.aspx,617-665-1000,,,,,"Clinical and Medical Counseling, Therapy, and Treatment ",,,LGBTQ youth,,,,,,,,,,,,,,,,,,,,,,,,,,
Cambridge Health Alliance - Union Square Family Health,337 Somerville Avenue,,Somerville,MA,02143,Middlesex,healthcare,primary care,,,,,,,,http://www.challiance.org/Main/Home.aspx,617-665-1000,,,,,"Clinical and Medical Counseling, Therapy, and Treatment ",,,LGBTQ youth,,,,,,,,,,,,,,,,,,,,,,,,,,
Cambridge Health Alliance - Windsor Street Health Center ,119 Windsor Street,,Cambridge,MA,02139,Middlesex,healthcare,primary care,,,,,,,,http://www.challiance.org/Main/Home.aspx,617-665-1000,,,,,"Clinical and Medical Counseling, Therapy, and Treatment ",,,LGBTQ youth,,,,,,,,,,,,,,,,,,,,,,,,,,
Cambridge Health Alliance - Anna May Powers Center,20 Nichols St,,Everett,MA,02149,Middlesex,healthcare,mental health services,counseling,,,,,,,http://www.challiance.org/Main/Home.aspx,617-575-5660 ,,,,,"Clinical and Medical Counseling, Therapy, and Treatment ",,,LGBTQ youth,,,,,We offer mental health and counseling services for children and adolescents.,,,,,,,,,,,,,,,,,,,,,
Cambridge Health Alliance - Central Street Health Center,26 Central St,,Somerville,MA,02143,Middlesex,healthcare,mental health services,counseling,substance abuse services,,,,,,http://www.challiance.org/Main/Home.aspx,617-591-6033,,,,,"Clinical and Medical Counseling, Therapy, and Treatment ",,,LGBTQ youth,,,,,We offer mental health and counseling services for children and adolescents.,,,,,,,,,,,,,,,,,,,,,
Cambridge Health Alliance - Zinberg HIV Clinic,1493 Cambridge St,,Cambridge,MA,02139,Middlesex,healthcare,counseling,HIV/AIDS,primary care,mental health services,,,,,http://www.challiance.org/Main/Home.aspx,617-665-1606,,,,,"Clinical and Medical Counseling, Therapy, and Treatment ",,,LGBTQ youth,,,,,We offer mental health and counseling services for children and adolescents.,,,,,,,,,,,,,,,,,,,,,
Davis Square Family Practice: Dr. Deborah Bershel,260 Elm Street,105,Somerville,MA,02144,Middlesex,healthcare,,,,,,,,,http://dsfamilypractice.com/transgender.php,(617) 666-9577,,,,,"Clinical and Medical Counseling, Therapy, and Treatment ",,,transgender youth,LGBTQ youth,,,,,,,,,,,,,,,,,,,,,,,,,
"Dr. Nicole Issa, PsyD, LMHC",10 Concord Avenue,,Cambridge,MA,02138 ,Middlesex,healthcare,mental health,counseling,training and technical assistance,,,,,,http://drnicoleissa.com/,617-396-4201,,drnicoleissa@yahoo.com,,,"Clinical and Medical Counseling, Therapy, and Treatment ",,,LGBTQ youth,family,,,,,,,,,,,,,,,,,,,,,,,,,
Dustin Saldarriaga (at Community Legal Services and Counseling Center),1 West Street,,Cambridge,MA,02139,Middlesex,referrals ,legal services,case management,immigration services,housing services,employment services,support group,counseling,,clsacc.org/immigration.html,(617) 661-1010,Dustin Saldarriaga,dsaldarriaga@clsacc.org,,,Case Management,,,LGBTQ youth,immigrant youth,,,,,,,,,,,,,,,,,,,,,,,,,
Framingham Regional Alliance of Gay and Lesbian Youth (FRAGLY),,,Framingham,MA,,Middlesex,social and support group,,,,,,,,,,(508) 655-7183,,,,,Clubhouse,,,LGBTQ youth,,,,,,,,,,,,,,,,,,,,,,,,,,
GLBT Commission: City of Cambridge,795 Massachusetts Avenue,,Cambridge,MA,02139,Middlesex,public education,public education ,resources,,,,,,,http://www.cambridgema.gov/glbt.aspx,"617-349-3355
",,glbtcommission@cambridgema.gov,,,Capacity Building,,,LGBTQ youth,,,,,,,,,,,,,,,,,,,,,,,,,,
GLBT DV Project,,,Cambridge,MA,02139,Middlesex,support groups,legal services,housing services,counseling,crisis management,employment services,domestic violence services,,,http://gmdvp.org/,617-354-6056,,clientservices@gmdvp.org,,,Case Management,,,LGBTQ youth,,,,,,,,,,,,,,,,,,,,,,,,,,
GLBT Safe Space: United Teen Equality Center,,,Lowell,MA,,Middlesex,referrals ,,,,,,,,,http://www.utec-lowell.org/teenspace/resources,"juan@utec-lowell.org, 978-804-8227, Leslie Rivera 978-812-9294",,,,,"Center-Based Basic Living and Personal Care Supports, Training and Skills Development",,,LGBTQ youth,,,,,,,,,,,,,,,,,,,,,,,,,,
Greater Boston PFLAG,85 River Street,Suite 3A,Waltham,MA,02453,Middlesex,support group,public education,resources,,,,,,,http://www.gbpflag.org/,781-891-5966,,info@gbpflag.org,,,"Community Prevention, Education and Outreach",,,parent,family,ally,,,,,,,,,,,,,,,,,,,,,,,,
Harvard QRC (Queer Resource Center,Harvard Yard,Thayer Hall,Cambridge,MA,02138,Middlesex,social group,resources,,,,,,,,http://www.hcs.harvard.edu/~harvardqrc/index.html,,,harvardqrc@gmail.com,,,Clubhouse,,,LGBTQ youth,,,college student,,,,,,,,,,,,,,,,,,,,,,,
Harvard QSA (Queer Students and Allies),,,Cambridge,MA,02138,Middlesex,public education,resources,,,,,,,,http://www.hcs.harvard.edu/~qsa/,,,HarvardQSA@gmail.com,,,"Community Prevention, Education and Outreach",,,LGBTQ youth,,,college student,,,,,,,,,,,,,,,,,,,,,,,
lgbt @ MIT (including Rainbow Lounge),142 Memorial Drive,Walker Memorial Basement 50-005,Cambridge,MA,02139,Middlesex,support group,social group,counseling,public education,,,,,,http://lbgt.mit.edu/,(617) 253-5440,,lbgt@mit.edu,,,Clubhouse,,,LGBTQ youth,transgender youth,,college student,,,,,,,,,,,,,,,,,,,,,,,
Lowell Community Health Center LGBT Youth Group,161 Jackson Street,,Lowell,MA,01852,Middlesex,support group,,,,,,,,,http://www.lchealth.org/support.shtml,978-322-8521,,,,,Clubhouse,,,LGBTQ youth,,,,,,,,,,,,,,,,,,,,,,,,,,
National Gay and Lesbian Task Force,1151 Massachusetts Ave,,Cambridge,MA,02138,Middlesex,public education,,,,,,,,,http://www.thetaskforce.org/issues/youth,202.393.5177,,,,,"Community Prevention, Education and Outreach",,,LGBTQ youth,,,,,,,,,,,,,,,,,,,,,,,,,,
Somerville Office of the LGBT Liaison,50 Evergreen Avenue,,Somerville,MA,02145,Middlesex,public education,resources,training and technical assistance,referrals,,,,,,http://www.ci.somerville.ma.us/departments/health/somerville-commissions/lgbt,617-625-6600 ext. 2400,,lgbtissues@somervillema.gov,,,Case Management,,,LGBTQ youth,ally,family,,,,,,,,,,,,,,,,,,,,,,,,
Tufts University LGBT Center,226 College Ave,Bolles House,Medford,MA,02155,Middlesex,public education,social group,support group,resources,,,,,,http://ase.tufts.edu/lgbt/resources/index.asp,617.627.3770,,lgbt@tufts.edu,Tom Bourdon,Tom.Bourdon@tufts.edu,Clubhouse,,,LGBTQ youth,,,college student,,,,,,,,,,,,,,,,,,,,,,,
Wayside Youth,1 Frederick Abbott Way,,Framingham,MA,01701,Middlesex,outreach to homeless and at-risk LGBTQ youth,,,,,,,,,http://www.waysideyouth.org/,508-879-9800,,,,,"Direct Prevention, Outreach and Stabilization Services",,,LGBTQ youth (homeless and at risk),,,,,,,,,,,,,,,,,,,,,,,,,,
Wayside Youth,88 Lincoln Street,,Framingham,MA,01701,Middlesex,outreach to homeless and at-risk LGBTQ youth,,,,,,,,,http://www.waysideyouth.org/,508-620-0010,,,,,"Direct Prevention, Outreach and Stabilization Services",,,LGBTQ youth (homeless and at risk),,,,,,,,,,,,,,,,,,,,,,,,,,
Wayside Youth,68 Henry Street,,Framingham,MA,01702,Middlesex,outreach to homeless and at-risk LGBTQ youth,,,,,,,,,http://www.waysideyouth.org/, 508-879-1424,,,,,"Direct Prevention, Outreach and Stabilization Services",,,LGBTQ youth (homeless and at risk),,,,,,,,,,,,,,,,,,,,,,,,,,
Wayside Youth,118 Central Street,,Waltham,MA,02453,Middlesex,outreach to homeless and at-risk LGBTQ youth,,,,,,,,,http://www.waysideyouth.org/,781-647-1432,,,,,"Direct Prevention, Outreach and Stabilization Services",,,LGBTQ youth (homeless and at risk),,,,,,,,,,,,,,,,,,,,,,,,,,
Wayside Youth,127 North Beacon Street,,Watertown,MA,02472,Middlesex,outreach to homeless and at-risk LGBTQ youth,,,,,,,,,http://www.waysideyouth.org/,617-924-1027,,,,,"Direct Prevention, Outreach and Stabilization Services",,,LGBTQ youth (homeless and at risk),,,,,,,,,,,,,,,,,,,,,,,,,,
Wayside Youth,12 Prescott Street,,Arlington,MA,02747,Middlesex,outreach to homeless and at-risk LGBTQ youth,,,,,,,,,http://www.waysideyouth.org/,781-643-1668,,,,,"Direct Prevention, Outreach and Stabilization Services",,,LGBTQ youth (homeless and at risk),,,,,,,,,,,,,,,,,,,,,,,,,,
Wayside Youth,6 Pleasant St.,Suite 220,Malden,MA,02148,Middlesex,outreach to homeless and at-risk LGBTQ youth,,,,,,,,,http://www.waysideyouth.org/,781-338-2640,,,,,"Direct Prevention, Outreach and Stabilization Services",,,LGBTQ youth (homeless and at risk),,,,,,,,,,,,,,,,,,,,,,,,,,
Youth on Fire,1555 Massachusetts Avenue,,Cambridge,MA,02138,Middlesex,shelter services,healthcare,support group,public education,referrals,mental healh services,housing services,STI testing,leadership development,http://www.aac.org/about/our-work/youth-on-fire.html, 617.661.2508,,yof@aac.org,,,Clubhouse,,,LGBTQ youth,homeless youth,,,,,,,,,,,,,,,,,,,,,,,,,
Lowell Community Health Center (Health Quarters),161 Jackson Street,Family Planning Department-2nd Floor,Lowell,MA,01852,Middlesex,healthcare,STI testing,training and technical assistance,,,,,,,http://www.healthq.org/,978-446-0236,,info@healthq.org,,,"Community Prevention, Education and Outreach",,,LGBTQ youth,,,,,,,,,,,,,,,,,,,,,,,,,,
Latin American Health Institute,9 Central Street,,Lowell,MA,01852,Middlesex,HIV/AIDS,resources,healthcare,mental health services,Substance abuse services,,,,,http://www.lhi.org/Homepage.aspx,978 459-3366,,lowell@lhi.org,,,"Community Prevention, Education and Outreach",,,LGBTQ youth,,,,,Pubilc Health/ HIV Services for Latin American community,,,,,,,,,,,,,,,,,,,,,
More than Words,376 Moody St.,2nd Floor,Waltham,MA, 02453,Middlesex,career skills,leadership development,,,,,,,,http://mtwyouth.org/,617-674-5550  ,,info@mtwyouth.org,,,"Education, Vocational and Skills Training",,,LGBTQ youth,,,,,Bookstore run by kids for development of entrprenerial skills,,,,,,,,,,,,,,,,,,,,,
Teen Empowerment,165 Broadway,,Somerville,MA,02145,Middlesex,career skills,leadership development,public education,,,,,,,http://www.teenempowerment.org/,617-625-6600 ext. 2256,,danny@teenempowerment.org,,,Clubhouse,,,LGBTQ youth,,,14-21,,"The mission of the Center for Teen Empowerment is to empower youth and adults as agents of individual, institutional, and social change.",,,,,,,,,,,,,,,,,,,,,
CASPAR Youth Services,5 Middlesex Avenue ,,Somerville,MA,02145,Middlesex,substance abuse services,drop in center,support group,employment services,case management,referrals,,,,http://www.casparinc.org,617.592-6896,,youth@casparinc.org ,,,"Direct Prevention, Outreach, and Stabilization Services",Case Management,,LGBTQ youth,,,,,At CASPAR we provide community-based services for people with substance use disorders. ,,,,,,,,,,,,,,,,,,,,,
TIFFANY Club of New England,30 Guinan St,,Waltham,MA,02451,Middlesex,support group,social group,referrals,resources,,,,,,http://tcne.org/,781-891-9325,,info@tcne.org,,,,,,LGBTQ youth,transgender youth,,,,,,,,,,,,,,,,,,,,,,,,,
"WAGLY (West Suburban Alliance of Gay, Lesbian, Bisexual, Transgender and Queer Youth)",309 Washington St,,Wellesley Hills,MA,02481,Norfolk,social group,support group,leadership development,,,,,,,www.wagly.org,", (781) 235-7423 x112",,info@wagly.org,,,Clubhouse,,,LGBTQ youth,,,,,,,,,,,,,,,,,,,,,,,,,,
AIDS Support Group of Cape Cod (Hyannis Office),428 South Street,,Hyannis,MA,02610,Barnstable,support group,case management,STI testing,public education,,,,,,http://www.asgcc.org/,508.778.1954,,,,,Clubhouse,,,LGBTQ youth,HIV infected or affected individuals,,,,,,,,,,,,,,,,,,,,,,,,,
AIDS Support Group of Cape Cod (Provincetown Office),96 Bradford Street,,Provincetown,MA,02657,Barnstable,support group,case management,,public education,,,,,,http://www.asgcc.org/,508.487.9445,,,,,Clubhouse,,,LGBTQ youth,HIV infected or affected individuals,,,,,,,,,,,,,,,,,,,,,,,,,
AIDS Support Group of Cape Cod (Prevention and Screening),336 Commercial Street,#10,Provincetown,MA,02657,Barnstable,support group,case management,STI testing,public education,,,,,,http://www.asgcc.org/,508.487.8311,,,,,Clubhouse,,,LGBTQ youth,HIV infected or affected individuals,,,,,,,,,,,,,,,,,,,,,,,,,
AIDS Support Group of Cape Cod (Foley House),,,Provincetown,MA,02657,Barnstable,housing services,,,,,,,,,http://www.asgcc.org/,508.487.6440,,,,,Clubhouse,,,LGBTQ youth,HIV infected or affected individuals,,,,,,,,,,,,,,,,,,,,,,,,,
Camp Lightbulb,,,Provincetown,MA,02657,Barnstable,social group,,,,,,,,,www.camplightbulb.org,508.237.7651,,camplightbulb@gmail.com,,,clubhouse,,,LGBTQ youth,,,,,,,,,,,,,,,,,,,,,,,,,,
Child and Family Services (Cape Cod Office),1019 Iyannough Road,,Hyannis,MA,02601,Barnstable,mental health services,counseling,case management,referrals,family support,training and technical assistance,adoption services,,,http://child-familyservices.org/cape-cod/,(508) 778-1839,,,,,"Clinical and Medical Counseling, Therapy, and Treatment",,,LGBTQ youth,family,parent,ally,,,,,,,,,,,,,,,,,,,,,,,
Child and Family Services (Lower Cape Cod Outreach Office),466 Main Street,,Harwich Port,MA,02646,Barnstable,mental health services,counseling,case management,referrals,family support,training and technical assistance,adoption services,,,http://child-familyservices.org/cape-cod/,(800) 576-9444,,,,,"Clinical and Medical Counseling, Therapy, and Treatment",,,LGBTQ youth,family,parent,ally,,,,,,,,,,,,,,,,,,,,,,,
CIGSYA (Cape and Islands Gay and Straight Youth Alliance) (Now rebranded as Thrive!),56 Barnstable Road,,Hyannis,MA,02601,Barnstable,support group,social group,leadership development,,,,,,,http://www.cigsya.org/CIGSYA_House_-_English/Welcome.html,(508) 778-7744,,info@cigsya.org,Scott Fitzmaurice,scott@cigsya.org,Clubhouse,,,LGBTQ youth,,,,,,,,,,,,,,,,,,,,,,,,,,
PFLAG Cape Cod,11 Anthony Drive,,Orleans,MA,02653,Barnstable,support group,social group,public education,resources,,,,,,http://www.pflagcapecod.org/,508-737-5832,,,,,"Community Prevention, Education and Outreach",,,LGBTQ youth,parent,ally,,,,,,,,,,,,,,,,,,,,,,,,
Affirmative Counseling,42 Howard Street,,Pittsfield,MA,01201,Berkshire,support group,counseling,mental health services,training and technical assistance,,,,,,www.affirmativecounseling.net,"413.358.3038, 413.358.5697",Sara Shuff,sarashuff@affirmativecounseling.net,Kelly Heck,kellyheck@affirmativecounseling.net,"Clinical and Medical Counseling, Therapy and Treatment",,,LGBTQ youth,transgender youth,family,,,,,,,,,,,,,,,,,,,,,,,,
Berkshire Area Health Education Center: Youth Suicide Prevention Project,703 West Housatonic Street,Suite 208,Pittsfield,MA,01201,Berkshire,training and technical assistance,resources,suicide prevention,,,,,,,http://www.berkshireahec.org/page.php?PageID=2067&PageName=Youth+Suicide+Prevention+Project,413-447-2417,Bear McHugh,bmchugh@berkshireahec.org  ,,,"Community Prevention, Education and Outreach",,,LGBTQ youth,ally ,family,,,,,,,,,,,,,,,,,,,,,,,,
Live Out Loud Youth Group,28 Renne Ave,,Pittsfield,MA,01201,Berkshire,support group,social group,resources,leadership development,,,,,,http://www.affirmativecounseling.net/liveoutloudyouthgroup.html,413.358.5697,Kelly Heck,kellyheck@affirmativecounseling.net,,,"Direct Prevention, Outreach and Stabilization Services",,,LGBTQ youth,,,,,,,,,,,,,,,,,,,,,,,,,,
Berkshire Stonewall Community Coalition ,,,Pittsfield,MA,01202,Berkshire,LGBTQ bowling league/ games,social group,resources,,,,,,,http://berkshirestonewall.org/,413.822.7268,,info@berkshirestonewall.org,,,Clubhouse,,,LGBTQ youth,,,,,,,,,,,,,,,,,,,,,,,,,,
PFLAG Lee/ Berkshire,,,,MA,,Berkshire,support group,resources,,,,,,,,,(413) 243-2382,,mssenn29@gmail.com,,,"Community Prevention, Education and Outreach",,,parent,ally,LGBTQ youth,,,,,,,,,,,,,,,,,,,,,,,,
PRIDE Berkshire Community College,1350 West Street,,Pittsfield,MA,01201,Berkshire,support group,social group,,,,,,,,http://www.facebook.com/pages/Pride-BCC/295380640479573,(413) 236-1625,,pcookson@berkshirecc.edu,,,"Direct Prevention, Outreach and Stabilization Services",,,"LGBTQ BCC students, faculty and staff",,,,,,,,,,,,,,,,,,,,,,,,,,
Tapestry Health,777 South Main Street,,Great Barrington,MA,01230,Berkshire,heatlhcare,STI testing,HIV/AIDS,,,,,,,http://www.tapestryhealth.org,(413) 528-4238,,,,,"Clinical and Medical Counseling, Therapy and Treatment",,,LGBTQ youth,individuals infected or affected by HIV/AIDS,,,,,,,,,,,,,,,,,,,,,,,,,
Tapestry Health,77 Hospital Avenue,Suite 210,North Adams,MA,01247,Berkshire,heatlhcare,STI testing,HIV/AIDS,,,,,,,http://www.tapestryhealth.org,(413) 664-5659,,,,,"Clinical and Medical Counseling, Therapy and Treatment",,,LGBTQ youth,individuals infected or affected by HIV/AIDS,,,,,,,,,,,,,,,,,,,,,,,,,
Tapestry Health,100 Wendell Avenue,,Pittsfield,MA,01201,Berkshire,heatlhcare,STI testing,HIV/AIDS,,,,,,,http://www.tapestryhealth.org,(413) 443-2844,,,,,"Clinical and Medical Counseling, Therapy and Treatment",,,LGBTQ youth,individuals infected or affected by HIV/AIDS,,,,,,,,,,,,,,,,,,,,,,,,,
The GLUB Club,,,Monterey,MA,01245,Berkshire,support group,social group,,,,,,,,,(413) 499-2425,,,,,Clubhouse,,,LGBTQ youth,,,,,,,,,,,,,,,,,,,,,,,,,,
AAGLY (Athol Alliance of Gay and Lesbian Youth),,,Athol,MA,,Worcester,social group,support group,,,,,,,,,(508) 249-2248,,,,,Clubhouse,,,LGBTQ youth,,,,,,,,,,,,,,,,,,,,,,,,,,
PFLAG of Greater Worcester,4 Mann Street,,Worcester,MA,01602,Worcester,support group,public education ,resources,public education,,,,,,http://www.worcesterpflag.org/index.html,508-631-2699,Laura Farnsworth,pflagworcester@iname.com,,,"Community Prevention, Education and Outreach",,,parent,family,LGBTQ youth,,,,,,,,,,,,,,,,,,,,,,,,
Safe Homes of Central Massachusetts / The Bridge,5 Mann Street,,Worcester,MA,01603,Worcester,support group,resources,leadership development,STI testing,HIV/AIDS,training and technical assistance,counseling,social group,,"
http://www.safehomesma.org/",508-755-0333,,safehomes@thebridgecm.org,,,Child/ Adolescent/ Young Adult Intermediate-Term Stabilization,Clubhouse,,LGBTQ youth,ally,,14-23,,,,,,,,,,,,,,,,,,,,,,,
SWAGLY (Supporters of Worcester Gay and Lesbian Youth),51 Union Street,,Worcester,MA,01608,Worcester,support group,social group,leadership development,,,,,,,www.swagly.org,(508) 755-0005,,Director@swagly.org,,,Clubhouse,,,LGBTQ youth,,,,,,,,,,,,,,,,,,,,,,,,,,
Worcester State University Pride Alliance,486 Chandler Street,Worcester State University,Worcester,MA,01602,Worcester,social group,resources,,,,,,,,http://worcester.edu/StudentActivities/clubs/WSCPrideAlliance,,,wscpridalliance@Worcester.edu,,,Clubhouse,,,LGBTQ youth,,,college student,,,,,,,,,,,,,,,,,,,,,,,
AIDS Project Worcester,85 Green Street,,Worcester,MA,01604,Worcester,HIV/AIDS,healthcare,STI testing,housing services,counseling,mental healh services,support group,,,http://www.aidsprojectworcester.org/,(508) 755-3773 info@aidsprojectworcester.org,,info@aidsprojectworcester.org,,,"Community Prevention, Education, and Outreach",,,LGBTQ youth,individual infected/affected by HIV/AIDS,,,,,,,,,,,,,,,,,,,,,,,,,
15 West Coffeehouse,15 West Street,,Leominster,MA,01453,Worcester,social group,support group,leadership development,,,,,,,http://www.firstchurchuu.org/outreach.html#glbt,978.537.0310  ,,GLBTalliance@gmail.com,,,Clubhouse,,,LGBTQ youth,,,,,,,,,,,,,,,,,,,,,,,,,,
15 West Coffeehouse,932 Main Street,,Fitchburg,MA,01453,Worcester,social group,support group,leadership development,,,,,,,http://www.firstchurchuu.org/outreach.html#glbt,978.537.0310  ,,GLBTalliance@gmail.com,,,Clubhouse,,,LGBTQ youth,,,,,,,,,,,,,,,,,,,,,,,,,,
American Civil Liberties Union of Massachusetts,340 Main Street,Room 717,Worcester,MA,01608,Worcester,legal services,public education,resources,,,,,,,http://www.aclum.org/ ,(508) 444-2258,, info@aclum.org ,Chris Robarge,crobarge@aclum.org,"Community Prevention, Education and Outreach",,,LGBTQ folks,,,,,,,,,,,,,,,,,,,,,,,,,,
Wayside Youth,10 Asylum Street,,Milford,MA,01757,Worcester,outreach to homeless and at-risk LGBTQ youth,,,,,,,,,http://www.waysideyouth.org/,508-478-6888,,,,,"Direct Prevention, Outreach and Stabilization Services",,,LGBTQ youth (homeless and at risk),,,,,,,,,,,,,,,,,,,,,,,,,,
AIDS Action Committee,75 Amory Street,,Boston,MA,02119,Suffolk,healthcare,public education,HIV/AIDS,STI testing,resources,,,,,http://www.aac.org/about/,617.437.6200,,,,,"Community Prevention, Education and Outreach",,,LGBTQ youth,,,,,,,,,,,,,,,,,,,,,,,,,,
Children's Law Center,298 Union St.,,Lynn,MA,01903,Essex,legal services,,,,,,,,,http://www.clcm.org/index.html,888-543-5298,,,,,Hotline Support,,,LGBTQ youth,,,,,,,,,,,,,,,,,,,,,,,,,,
GLAD (Gay and Lesbian Advocates and Defenders) ,30 Winter Street,Suite 800,Boston,MA,02108,Suffolk,legal services,resources,public education,,,,,,,,(617) 426-1350,,,,,Hotline Support,,,LGBTQ youth,,,,,,,,,,,,,,,,,,,,,,,,,,
GLSEN Massachusetts,,,Boston,MA,02205,Suffolk,training and technical assistance,resources,public education,,,,,,,,(617) 684-5736;,,massachusetts@chapters.glsen.org,,,"Community Prevention, Education and Outreach",,,LGBTQ youth,,,,,,,,,,,,,,,,,,,,,,,,,,
MA Commission on LGBT Youth,250 Washington St,4th Floor,Boston,MA,02108,Suffolk,resources,public education,,,,,,,,,www.mass.gov/cgly,,617-624-5495,,,Capacity Building ,,,LGBTQ youth,,,,,,,,,,,,,,,,,,,,,,,,,,
Massachusetts Transgender Political Coalition,,,Boston,MA,02108,Suffolk,resources,public education,training and technical assistance,,,,,,,http://www.masstpc.org/,617-778-0519,,info@masstpc.org,,,"Community Prevention, Education and Outreach",,,LGBTQ youth,transgender youth,parent,,,,,,,,,,,,,,,,,,,,,,,,
Peer Listening Line (Fenway Health),,,,MA,,,hotline,,,,,,,,,,"1-800-399-PEER/1-800-399-7337, www.fenwayhealth.org",,,,,Hotline Support,,,LGBTQ youth,,,under 25,,,,,,,,,,,,,,,,,,,,,,,
The Network La Red,,,Boston,MA,02114,Suffolk,resources,domestic violence services,training and technical assistance,public education,,,,,,," 617-742-4911 (Voice)   617-227-4911 (TTY), http://tnlr.org/",,,,,"Child/ Adolescent/ Young Adult Short-Term Stabilization, Emergency Placement",,,LGBTQ youth,,,,,,,,,,,,,,,,,,,,,,,,,,
The Peer Listening Line,,,,MA,,Suffolk,24 hour hotline,,,,,,,,,,(800) 399-PEER,,,,,Hotline Support,,,LGBTQ youth,,,,,,,,,,,,,,,,,,,,,,,,,,
MA Department of Public Health--Safe Spaces for GLBTQ Youth,250 Washington St,4th Floor,Boston,MA,02108,Suffolk,resources,,,,,,,,,,(617) 624-5490,,steven.smyth@massmail.state.ma.us,,,Advocacy and Funding,,,LGBTQ youth,,,,,,,,,,,,,,,,,,,,,,,,,,
The Peer Listening Line,,,,MA,,Suffolk,24 hour hotline,,,,,,,,,,(800) 399-PEER,,,,,Hotline Support,,,LGBTQ youth,,,,,,,,,,,,,,,,,,,,,,,,,,
Samaritan's,41 West St,4th Floor,Boston,MA,02111,Suffolk,"24 Hour Helpline, Community Education and Outreach",suicide prevention,,,,,,,,,617.536.2460 ,,,,,Helpline,,,LGBTQ youth,,,,,,,,,,,,,,,,,,,,,,,,,,
American Civil Liberties Union of Massachusetts,211 Congress Street,,Boston,MA,02110,Suffolk,legal services,public education,resources,,,,,,,http://www.aclum.org/ ,617.482.3170 ,, info@aclum.org ,,,"Community Prevention, Education and Outreach",,,LGBTQ youth,,,,,,,,,,,,,,,,,,,,,,,,,,
AA Central Service Committee of Eastern Mass,12 Channel St.,Suite 604,Boston,MA,02210,Suffolk,referrals ,substance abuse services,support group,public education,,,,,,http://www.aaboston.org/,(617) 426-9444,,,,,"Direct Prevention, Outreach and Stabilization Services",,,LGBTQ youth,,,,,,,,,,,,,,,,,,,,,,,,,,
Arlington Street Church Youth Outreach,351 Boylston Street,,Boston,MA,02116,Suffolk,community outreach,spirituality,,,,,,,,http://www.ascboston.org/,(617) 536-7050,,office@ascboston.org,,,"Direct Prevention, Outreach and Stabilization Services",,,LGBTQ youth,,,,,,,,,,,,,,,,,,,,,,,,,,
Artists for Humanity,100 West 2nd. Street,,South Boston,MA,02127,Suffolk,career skills,leadership development,recreation,,,,,,,http://afhboston.org/,(617) 268-7620,Susan Rodgerson,srodgerson@afhboston.org,,,Competitive Integrated Employment,,,LGBTQ youth,,,14+,,,,,,,,,,,,,,,,,,,,,,,
BAGLY (Boston Area Gay and Lesbian Youth),14 Beacon St.,Suite 620,Boston,MA,02108,Suffolk,social group,support group,STI Testing,HIV/AIDS,leadership development,public education,resources,referrals,drop in center,http://www.bagly.org/,(617) 227-4313,,info@bagly.org,,,Clubhouse,,,LGBTQ youth,,,under 22,,,,,,,,,,,,,,,,,,,,,,,
Boston GLASS ,25 West Street,3rd Floor,Boston,MA,02111,Suffolk,social group,support group,STI Testing,HIV/AIDS,drop in center,leadership development,public education,referrals,counseling,http://www.jri.org/services/health-hiv-lgbtq-services/health-and-prevention-services/boston-glass,(617) 266-3349,Ismael Rivera,irivera@jri.org,,,Clubhouse,,,LGBTQ youth under 13-25,,,,,,,,,,,,,,,,,,,,,,,,,,
Bridge Over Troubled Waters,47 West Street,,Boston,MA,02111,Suffolk,shelter services,career skills,education services,healthcare,HIV/AIDS,STI testing,mental health services,counseling,drop in center,http://bridgeotw.org/,617-423-9575,,bridge@bridgeotw.org,,,"Child/Adolescent Short-Term Stabilization, Emergency Placement",,,LGBTQ youth,homeless youth,,14-24,,,,,,,,,,,,,,,,,,,,,,,
Bridging the Gap,650 Dudley Street,,Roxbury,MA,02125,Suffolk,education services,support group,life skills,career skills,,,,,,http://btgboston.wordpress.com/,6173186917,Jovan Zuniga ,btgboston@use.salvationarmy.org,,,"Direct Prevention, Outreach and Stabilization Services",,,At risk/Court involved,LGBTQ youth,,12-17,,,,,,,,,,,,,,,,,,,,,,,
"Children's Hospital Boston, Adolescent Medicine ",300 Longwood Avenue,,Boston,MA,02115,Suffolk,healthcare ,HIV/AIDS,resources,primary care,,,,,,http://www.childrenshospital.org/az/Site2905/mainpageS2905P0.html, 617-355-7181,,,,,"Clinical and Medical Counseling, Therapy, and Treatment",,,LGBTQ youth,,,,,,,,,,,,,,,,,,,,,,,,,,
"Boston Children's Hospital, Psychiatry",300 Longwood Avenue,,Boston,MA,02115,Suffolk,mental health services,counseling,,,,,,,,http://www.childrenshospital.org/az/Site2905/mainpageS2905P0.html,617-355-6680,,,,,"Clinical and Medical Counseling, Therapy, and Treatment",,,LGBTQ youth,,,,,,,,,,,,,,,,,,,,,,,,,,
"Boston Children's Hospital, Gender Management Services",300 Longwood Avenue,Fegan 4,Boston,MA,02115,Suffolk,healthcare ,counseling,mental health services,endocrinology,,,,,,http://www.childrenshospital.org/clinicalservices/Site2280/mainpageS2280P0.html,617-355-2420,,,,,"Clinical and Medical Counseling, Therapy, and Treatment",,,LGBTQ youth,transgender youth,,,,,,,,,,,,,,,,,,,,,,,,,
Dr. Norman Spack,,,Children's Hospital Boston,MA,,Suffolk,"endocrinologist (specializing in transgender issues, youth, sex development)",,,,,,,,,,"http://specialists.childrenshospital.org/Default.asp?pageID=PHY001917, 617-355-7476, ",,,,,"Clinical and Medical Counseling, Therapy, and Treatment",,,"pediatric, adolescent ",,,,,,,,,,,,,,,,,,,,,,,,,,
"Dr. Yvonne Gomez- Carrion, M.D.",330 Brookline Avenue,Shapiro 8,Boston,MA,02215,Suffolk,Obstetrics & Gynecology,healthcare,,,,,,,,http://services.bidmc.org/Find_a_doc/doc_detail.asp?sid=41414642504443,617-667-2952,,,,,"Clinical and Medical Counseling, Therapy, and Treatment",,,LGBTQ youth,,,,,,,,,,,,,,,,,,,,,,,,,,
"E.A.G.L.E. (Emerson's Alliance for Gays, Lesbians and Everyone)",150 Boylston Street,Office #L133A,Boston,MA,02116,Suffolk,social group,resources,,,,,,,,http://pages.emerson.edu/Organizations/EAGLE/index.html,,,emersoneagle@gmail.com,,,Clubhouse,,,LGBTQ youth,,,college student,,,,,,,,,,,,,,,,,,,,,,,
Fenway  Health Center,1340 Boylston Street,,Boston,MA,02215,Suffolk,primary care,healthcare,mental health services,HIV/AIDS,STI testing,,,,,http://www.fenwayhealth.org/,617.267.0900,,,,,"Clinical and Medical Counseling, Therapy, and Treatment",,,LGBTQ folks,,,,,,,,,,,,,,,,,,,,,,,,,,
Fenway  Health Center,16 Haviland Street,,Boston,MA,02215,Suffolk,support group,healthcare,mental health services,HIV/AIDS,STI testing,,,,,http://www.fenwayhealth.org/,617.267.0159,,,,,"Clinical and Medical Counseling, Therapy, and Treatment",,,LGBTQ folks,,,,,,,,,,,,,,,,,,,,,,,,,,
Fenway  Health Center,142 Berkeley Street,,Boston,MA,02216,Suffolk,healthcare,mental health services,,,,,,,,http://www.fenwayhealth.org/,617.247.7555,,,,,"Clinical and Medical Counseling, Therapy, and Treatment",,,LGBTQ folks,,,,,,,,,,,,,,,,,,,,,,,,,,
Hispanic Black Gay Coalition,485 Columbus Ave,,Boston,MA,02118,Suffolk,social group,HIV/AIDS,STI Testing,Support group,leadership development,public education,,,,http://www.hbgc-boston.org,617-487-4242,,Info@HBGC-Boston.org,,,"Community Prevention, Education and Outreach",,,LGBTQ youth,,,,,,,,,,,,,,,,,,,,,,,,,,
Hyde Square Task Force,375 Centre Street,,Jamaica Plain,MA,02130,Suffolk,career skills,leadership development,education services,recreation,public education,,,,,http://www.hydesquare.org/,617-524-8303,,info@hydesquare.org,,,"Community Prevention, Education and Outreach",,,LGBTQ youth,,,,,,,,,,,,,,,,,,,,,,,,,,
Keshet Parent and Family Connection,284 Amory Street,,Jamaica Plain,MA,02130,Suffolk,support group,training and technical assistance,leadership development,resources,spirituality,public education,,,,http://www.keshetonline.org/program/support-families/,617.524.9227,,http://www.keshetonline.org/,,,"Community Prevention, Education and Outreach",,,LGBTQ youth,parent,family,,,,,,,,,,,,,,,,,,,,,,,,
K-Street Recovery,74 Kilmarnock Street,,Boston,MA,02115,Suffolk,support group,substance abuse services,mental health services,,,,,,,http://www.k-street.com/,(617) 777-0702,,Chairperson@k-street.com,,Secretary@k-street.com,Clubhouse,,,LGBTQ youth,,,,,"Safe meeting space for LGBT individuals seeking recovery from addition, abuse, or discrimination ",,,,,,,,,,,,,,,,,,,,,
Latin American Health Institute,95 Berkeley Street,,Boston,MA,02116,Suffolk,HIV/AIDS,resources,healthcare,mental health services,Substance abuse services,,,,,http://www.lhi.org/Homepage.aspx,(617) 350-6900,,boston@lhi.org ,,,"Community Prevention, Education and Outreach",,,LGBTQ youth,,,,,Pubilc Health/ HIV Services for Latin American community,,,,,,,,,,,,,,,,,,,,,
MAP for Health: Asian Pride,322 Tremont Street,,Boston,MA,02116,Suffolk,STI Testing,support group,leadership development,drop in center,HIV/AIDS,,,,,http://www.maphealth.org/programs/asian-pride/,(617) 426-6755,,map@maphealth.org,Andrea Machado,andrea@maphealth.org,Clubhouse,,,LGBTQ youth,,,16-24,,"a youth development and leadership program that provides services for lesbian, gay, bisexual, transgender, and queer (LGBTQ) youth of Asian and Pacific Islander descent",,,,,,,,,,,,,,,,,,,,,
Massachusetts Transgender Political Coalition,,,Boston,MA,02108,Suffolk,resources,public education,training and technical assistance,,,,,,,http://www.masstpc.org/,617-778-0519,,info@masstpc.org,,,"Community Prevention, Education and Outreach",,,LGBTQ youth,transgender youth,ally,,,,,,,,,,,,,,,,,,,,,,,,
MissionSafe,,,Roxbury,MA,02120 ,Suffolk,career skills,leadership development,education services,counseling,,,,,,http://www.missionsafe.org/home.asp,617-427-0377,,info@missionsafe.org,,,Clubhouse,,,LGBTQ youth,,,11-24,,"MissionSAFE works with highly and proven at-risk youth and young adults from challenged situations and communities, working with them to gain the skills and confidence they need to succeed and thrive, not merely survive, and to be agents for positive change in their communities and the larger world.",,,,,,,,,,,,,,,,,,,,,
MissionSafe,,,Charlestown,MA,02129 ,Suffolk,career skills,leadership development,education services,counseling,,,,,,http://www.missionsafe.org/home.asp,617-427-0377,,info@missionsafe.org,,,Clubhouse,,,LGBTQ youth,,,11-24,,"MissionSAFE works with highly and proven at-risk youth and young adults from challenged situations and communities, working with them to gain the skills and confidence they need to succeed and thrive, not merely survive, and to be agents for positive change in their communities and the larger world.",,,,,,,,,,,,,,,,,,,,,
More than Words,242 East Berkeley St.,2nd Floor,South End,MA,02118,Suffolk,career skills,leadership development,,,,,,,,http://mtwyouth.org/,617-674-5550  ,,info@mtwyouth.org,,,"Education, Vocational and Skills Training",,,LGBTQ youth,,,,,Bookstore run by kids for development of entrprenerial skills,,,,,,,,,,,,,,,,,,,,,
Multicultural AIDS Coalition,31 Heath Street,,Jamaica Plain,MA,02130,Suffolk,HIV/AIDS,training and technical assistance,public education,STI testing,support group,referrals,,,,http://www.mac-boston.org/,617-442-1622,Executive Director Gary Daffin,gdaffin@mac-boston.org,,,Clinical and Medical Diagnostics,,,LGBTQ youth,HIV/AIDS affected/infected individual,,,,"We work to ensure high quality, accessible prevention and treatment services for people living with HIV, at high risk for becoming infected, or closely affected by the disease.  We also support broader community efforts to eradicate conditions that fuel the epidemic, including substance abuse, lack of health care access, homelessness, incarceration and oppression based on race, ethnicity, gender and sexual orientation.",,,,,,,,,,,,,,,,,,,,,
Project Hip Hop,2181 Washington Street,Suite 315,Roxbury,MA,02119,Suffolk,Recreation,leadership development,public education,,,,,,,http://www.projecthiphop.org/   ,(617) 427-7950,,info@projecthiphop.org,,,"Community Prevention, Education and Outreach",,,youth interested in hip hop,,,,,"Project HIP-HOP (Highways Into the Past – History, Organizing and Power) is a youth-led organization that works at the intersection of arts and organizing. Our mission is to teach the hip hop generation how to use hip hop as a cultural tool to educate and motivate our community.",,,,,,,,,,,,,,,,,,,,,
Reflect and Strengthen ,614 Columbia Road,,Dorcester,MA,02125,Suffolk,support groups,life skills,public education,recreation,,,,,,http://www.reflectandstrengthen.org/,617.442.2355,,rands@reflectandstrengthen.org,,,"Direct Prevention, Outreach and Stabilization Services",,,LGBTQ youth,,,14-30,,"Reflect and Strengthen (R&S) is a grassroots collective of young working class women from the urban neighborhoods of Boston who take a holistic approach to organizing to create personal and social transformation. Our programming focuses are political education, healing form trauma, creative expression, community building and campaign work to end racial disparities in the juvenile justice system.",,,,,,,,,,,,,,,,,,,,,
Roxbury Village (Home for Little Wanderers),,,Roxbury,MA,02119,Suffolk,housing services,case management,career services,life skills,,,,,,http://www.thehome.org/site/PageServer?pagename=programs_independent_living#.Uaj3NErloQo,617-267-3700,,,,,Child/Adolescent Community Based Social Skills and Recreation,,,LGBTQ youth,,,18-22,,"Roxbury Village is an innovative program of The Home for Little Wanderers that serves young adults (ages 18-22) in Boston who are homeless or about to be discharged from state systems of care and are at risk of being homeless. Roxbury Village offers stable and affordable housing, as well as intensive services, support and community connections to help build the skills and resources that will put these young people on a path to becoming successful, contributing members of society. ",,,,,,,,,,,,,,,,,,,,,
Roxbury Youthworks—Gaining Independence for Tomorrow Program (GIFT),,,Dorcester,MA,02124,Suffolk,support group,counseilng,life skills,,,,,,,http://www.roxburyyouthworks.org/,617-427-8095,,ctoledo@roxburyyouthworks.org,,,Clubhouse,,,LGBTQ youth,,,12-21,,Roxbury Youthworks provides intensive Life Coaching to victims of commercial sexual exploitation. - See more at: http://www.roxburyyouthworks.org/pages/giftprogram.html#sthash.ccobZnTF.dpuf,,,,,,,,,,,,,,,,,,,,,
Sidney Borum Jr Health Center,75 Kneeland Street,,Boston,MA,02111,Suffolk,healthcare ,STI testing,HIV/AIDS,counseling,primary care,mental healh services,,,,http://sidneyborum.org/,(617) 457-8140,,information@fenwayhealth.org,,,"Clinical and Medical Counseling, Therapy, and Treatment",,,LGBTQ youth,transgender youth,individuals infected/affected by HIV/AIDS,12-29,,"At the Borum, we offer quality, open care to young adults ages 12–29 who need a health center that really gets them.",,,,,,,,,,,,,,,,,,,,,
Southern Jamaica Plain Health Centers,640 Centre Street,,Jamaica Plain,MA,02130,Suffolk,healthcare ,case management,mental health services,leadership development,primary care,public education,recreation,HIV/AIDS,STI testing,http://www.brighamandwomens.org/Departments_and_Services/medicine/services/primarycare/sjphc/default.aspx,   617-983-4100 ,,,,,"Clinical and Medical Counseling, Therapy, and Treatment",,,LGBTQ youth,,,,,Southern Jamaica Plain Health Center is a community health center licensed by Brigham and Women's Hospital.,,,,,,,,,,,,,,,,,,,,,
Spontaneous Celebrations,45 Danforth Street,,Jamaica Plain,MA,02130,Suffolk,recreation,public education,leadership development,,,,,,,http://www.spontaneouscelebrations.org/,617-524-6373,,admin@spontaneouscelebrations.org,"George Lee, Youth Programs",george@spontaneouscelebrations.org,Clubhouse,,,LGBTQ youth,,,,,"Spontaneous Celebrations is Jamaica Plain's community arts headquarters, serving JP and Roxbury for over 30 years.",,,,,,,,,,,,,,,,,,,,,
Suffolk University Rainbow Alliance, 20 Derne Street,,Boston,MA,02114,Suffolk,social group,support group,public education,,,,,,,https://suffolk.collegiatelink.net/organization/rainbowalliance,(617) 573-8327,,surainbow.alliance@gmail.com,,,"Direct Prevention, Outreach and Stabilization Services",,,LGBTQ youth,,,college student,,Rainbow Alliance is Suffolk's LGBT group on campus. It is both for members and allies of the LGBT community. We have weekly meetings along with many events per month. All are welcome at any time.,,,,,,,,,,,,,,,,,,,,,
Teen Empowerment,21 Balfour Street,,Dorcester,MA,02125,Suffolk,career skills,leadership development,public education,,,,,,,http://www.teenempowerment.org/,617-427-1488,,samantha@teenempowerment.org,,,Clubhouse,,,LGBTQ youth,,,14-21,,"The mission of the Center for Teen Empowerment is to empower youth and adults as agents of individual, institutional, and social change.",,,,,,,,,,,,,,,,,,,,,
Teen Empowerment,384 Warren Street,,Roxbury,MA,02119,Suffolk,career skills,leadership development,public education,,,,,,,http://www.teenempowerment.org/,617-442-4684,,doug@teenempowerment.org,,,Clubhouse,,,LGBTQ youth,,,14-21,,"The mission of the Center for Teen Empowerment is to empower youth and adults as agents of individual, institutional, and social change.",,,,,,,,,,,,,,,,,,,,,
The Theater Offensive,565 Boylston Street,3rd Floor,Boston,MA,02116,Suffolk,Recreation,leadership development,public education,,,,,,,http://www.thetheateroffensive.org,617.661.1600,,info@thetheateroffensive.org,Director of Programs Evelyn Francis,evelyn@thetheateroffensive.org,Clubhouse,,,LGBTQ youth,,,,,"The Theater Offensive’s mission is to form and present the diverse realities of queer lives in art so bold it breaks through personal isolation and political orthodoxy to help build an honest, progressive community.",,,,,,,,,,,,,,,,,,,,,
TransCEND,75 Amory Street,,Jamaica Plain,MA,02119,Suffolk,case management,HIV/AIDS,support group,healthcare,,,,,,http://transcendboston.org/en/about,617.450.1016,,transcend@aac.org,,,"Community Prevention, Education and Outreach",,,LGBTQ youth,transgender youth,individuals infected/affected by HIV/AIDS,,,"TransCEND (Transgender Care and Education Needs Diversity) provides support and risk reduction services to transgender women (male to female). The program offers member support, assistance with accessing basic services, medical care, support groups, educational groups, risk reduction materials, and individual case management.",,,,,,,,,,,,,,,,,,,,,
Transformation Center,98 Maganzine Street,#2,Roxbury,MA,02119,Suffolk,mental health services,support group,training and technical assistance,substance abuse services,,,,,,http://transformation-center.org/,617-442-4111,Scott Francis      ,scottf@transformation-center.org,,,"Clinical and Medical Counseling, Therapy, and Treatment",,,LGBTQ youth,,,18+,,"The Transformation Center is a peer-operated center with a mental health focus on wellness and life recovery through dialogue, education, systems change advocacy, and peer support. ",,,,,,,,,,,,,,,,,,,,,
Waltham House: The Home for Little Wanderers,,,Waltham,MA,02451,Suffolk,housing services,counseling,,,,,,,,http://www.thehome.org/site/PageServer?pagename=programs_waltham_house#.UZTtTKJwfSg,(617) 267-3700 ,,rreed@thehome.org,,,"Child/Adolescent Short-Term Stabilization, Emergency Placement",,,LGBTQ youth,,,14-18,,"Waltham House is a group home program designed to provide a safe and supportive living environment for up to 12 gay, lesbian, bisexual and transgender (GLBT) youth ages 14-18.",,,,,,,,,,,,,,,,,,,,,
YARN (young adult resource network),,,Dorcester,MA,02122,Suffolk,career skills,housing services,life skills,,,,,,, http://www.thehome.org/site/PageServer?pagename=programs_independent_living#.Uaj3NErloQo,617-287-0160,,,,,Child/Adolescent Community Based Social Skills and Recreation,,,LGBTQ youth,,,17-22,,"The Young Adult Resource Network assists young adults ages 17-22 who are involved with the Department of Children and Families (DCF) in obtaining stable housing, employment, physical and psychological wellness, and educational and community involvement, while developing supportive relationships. ",,,,,,,,,,,,,,,,,,,,,
Bisexual Resource Center,,,Boston,MA,02117,Suffolk,resources,public education,support group,social group,,,,,,http://www.biresource.net/index.shtml,617 424 9595,,BRC@BIRESOURCE.NET,,,,,,LGBTQ youth,,,,,The BRC is committed to providing support to the bisexual community and raising public awareness about bisexuality and bisexual people. ,,,,,,,,,,,,,,,,,,,,,
Boston Living Center and Victory Programs,29 Stanhope Street,,Boston,MA,02116,Suffolk,HIV/AIDS,support group,training and technical assistance,Support group,social group,housing services,referrals,recreation,,,617.236.1012,"Larry Kessler, Boston Living Center Director",lkessler@vpi.org,,,"Direct Prevention, Outreach, and Stabilization Services",Clubhouse,,,,,,,The Boston Living Center (BLC) is a nonprofit community and resource center whose mission is to foster the wellness of all HIV positive people and respond to the changing needs of the HIV/AIDS community.,,,,,,,,,,,,,,,,,,,,,
Amherst College Queer Resource Center,Queer Resource Center,"AC# 2065, Keefe Campus Center",Amherst,MA,01002,Hampshire,resources,social group,public education ,,,,,,,https://www.amherst.edu/campuslife/rainbow,413-542-5114  ,, qrc@amherst.edu,,,Clubhouse,,,LGBTQ youth,,,college ,,"The mission of the Queer Resource (QRC) is to support the LGBTQQIAA (Lesbian, Gay, Bisexual, Transgender, Queer, Questioning, Intersex, Asexual and Ally) students of Amherst College.",,,,,,,,,,,,,,,,,,,,,
East Coast FTM Group,,,Northampton,MA,01060,Hampshire,support group,,,,,,,,,,(413) 584-7616,Bet Power, betpower@yahoo.com,,,"Direct Prevention, Outreach and Stabilization Services",,,LGBTQ youth,transgender youth,,,,"Peer support group open to all masculine-identified, female-born persons – FTMs, transmen of all sexual orientations/identities, crossdressers, stone butches, transgendered, transsexuals, non-op, pre-op, post-op, genderqueer, bi-gendered, questioning – and our significant others, family, and allies.",,,,,,,,,,,,,,,,,,,,,
"Eunice Aviles,. PsyD",26 South Prospect Street,Suite 19,Amherst,MA,01002,Hampshire,mental health,counseling,,,,,,,,http://euniceaviles.com/,413-657-6104,Eunice Aviles,dr.euniceaviles@gmail.com,,therapy@euniceaviles.com ,"Clinical and Medical Counseling, Therapy and Treatment",,,LGBTQ youth,transgender youth,,,,"I am a Doctor in Clinical Psychology and a Licensed Mental Health Counselor. My general practice focuses on the treatment of depression, anxiety, trauma, substance abuse, impulse control disorders, and the emotional consequences of bullying (for youths and adults) and other social issues. I specialize in the diagnosis and treatment of sexual dysfunction as well as in sexual orientation and gender-related issues. ",,,,,,,,,,,,,,,,,,,,,
Family Diversity Projects,,,Amherst,MA,01004,Hampshire,resources,public education,,,,,,,,http://familydiv.org/about,413-256-1611,,,,,"Community Prevention, Education and Outreach",,,LGBTQ youth,,,,,Family Diversity Projects (FDP) is a non-profit organization (501c (3) devoted to educating people of all ages about the full range of diversity. ,,,,,,,,,,,,,,,,,,,,,
Food for Thought Books,106 North Pleasant Street,,Amherst,MA,01002,Hampshire,recreation,social group,,,,,,,,http://www.foodforthoughtbooks.com/,413-253-5432,,info@foodforthoughtbooks.com,,,"Direct Prevention, Outreach and Stabilization Services",,,LGBTQ youth,,,,,"A not-for-profit, workers' collective bookstore featuring queer yoga, queer & trans pen pal program, and queer author readings.",,,,,,,,,,,,,,,,,,,,,
Generation Q North: Community Action Youth Programs,2 Conz Street,Maplewood Shops #34,Northampton,MA,01060,Hampshire,support group,social group,,,,,,,,http://www.communityaction.us/our-groups-programs.html,413-774-7028,,GenQ@communityaction.us,,,Clubhouse,,,LGBTQ youth,,,,,"Generation Q is a confidential social and support group for gay, lesbian, bisexual, transgender, queer, and questioning youth and their straight allies.",,,,,,,,,,,,,,,,,,,,,
"TREE (Transgender Rights, Education and Empowerment): Community Action Youth Programs",2 Conz Street,Maplewood Shops #34,Northampton,MA,01060,Hampshire,support group,social group,,,,,,,,http://www.communityaction.us/our-groups-programs.html,413-774-7028,,TREE@communityaction.us,,,Center-Based Basic Living and Personal Care Supports,Training and Skills Development,Clubhouse,LGBTQ youth,transgender youth,,12 - 21,,"TREE (Transgender Rights, Education and Empowerment) provides  peer support, advocacy, education, and leadership development opportunities for trans identified and gender non-conforming youth. ",,,,,,,,,,,,,,,,,,,,,
GLBTQA Youth Alliance Pride Zone,34 Maplewood Shop,,Northampton,MA,01060,Hampshire,support group,social group,,,,,,,,,(413) 584-1116,Heather King,przone@valinet.com,,,Clubhouse,,,LGBTQ youth,transgender youth,,under 21,,The GLBTQA Youth Alliance is open to all youth aged 21 and under. We meet every Thursday from 7 to 8:30 p.m. During meeting times youth engage in a weekly check-in and then move on to either discussions that have come up during the check-in time or other discussions and/or trainings that youth have decided upon as a group.,,,,,,,,,,,,,,,,,,,,,
Hampshire College Queer Community Alliance ,893 West Street,,Amherst,MA,01002,Hampshire,resources,social group,support group,,,,,,,http://www.hampshire.edu/studentlife/queercommunityalliancenter.htm,413.559.6234,Emily Rimmer,erimmer@hampshire.edu,,,Clubhouse,,,LGBTQ youth,,,college,,"The Queer Community Alliance Center (QCAC) began as a student group, and in 1992 it became an institutionalized part of the College. The QCAC is a part of the department of Community Advocacy in the division of Student Life. The QCAC is overseen by Hampshire College Queer Services, and strives to support a vibrant and intentional LGBTQ+ community by offering support and affirmation around gender, sexuality and intersecting identities. ",,,,,,,,,,,,,,,,,,,,,
"J. Michael Rowan, MSW, LICSW",,,Greenfield,MA,01302,Hampshire,counseling,mental health services,,,,,,,,,(413) 773-5420,,Email@RowanPsychotherapy.com,,,"Clinical and Medical Counseling, Therapy and Treatment",,,LGBTQ youth,transgender youth,,,,,,,,,,,,,,,,,,,,,,,,,
"J. Michael Rowan, MSW, LICSW",,,Easthampton,MA,01027,Hampshire,counseling,mental health services,,,,,,,,,(413) 773-5420,,Email@RowanPsychotherapy.com,,,"Clinical and Medical Counseling, Therapy and Treatment",,,LGBTQ youth,transgender youth,,,,,,,,,,,,,,,,,,,,,,,,,
LGBT Associates of Western Mass:  Dr. Shelley Janiczek Woodson and Dr. Brett-Genny Janiczek Beemyn ,183 West State Street,,Granby,MA,01033,Hampshire,mental health services,counseling,public education ,training and technical assistance,,,,,,http://www.masstherapist.com/LGBTQQIAServices.en.html,413-222-0998,,thebeemyns@gogtt.net,,info@masstherapist.com,"Clinical and Medical Counseling, Therapy and Treatment",,,LGBTQ youth,transgender youth,,,,"In consultation with our team of  professional associates, we offer a wide range of expert counseling, consultation and referral services. We specialize in assisting and supporting gender-variant people of all ages, and in working with bisexual people.  ",,,,,,,,,,,,,,,,,,,,,
LGBT Coalition of Western Mass,32 Industrial Drive East,,Northampton ,MA,01060,Hampshire,public education,resources,referrals,,,,,,,http://www.lgbtcoalitionwma.org/,413-588-1018,,,,,"Direct Prevention, Outreach and Stabilization Services",,,LGBTQ youth,,,,,"By offering a multitude of services using innovative advocacy, community outreach programs and events, referral services and more, the Coalition strives to build stronger communities and families by bridging the gaps that exist between members of the LGBT community itself and mainstream society. ",,,,,,,,,,,,,,,,,,,,,
LGBT Jews & Allies,388 North Pleasant Street,,Amherst,MA,01002,Hampshire,support group,social group,,,,,,,,http://umass.hillel.org/home.aspx,,,esobel@student.umass.edu,,tlaster@student.umass.edu,Clubhouse,,,LGBTQ youth,,,,,"We are an inclusive group at UMass that supports and programs for lesbian, gay, bisexual, transgender, and queer rights along with being Jewish.",,,,,,,,,,,,,,,,,,,,,
Life Course Counseling Center,,,Northampton ,MA,01061,Hampshire,counseling,mental health services,,,,,,,,http://www.lifecourse.net,(413) 585-1655,,,,,"Clinical and Medical Counseling, Therapy and Treatment",,,LGBTQ youth,transgender youth,,,,"LifeCourse Counseling Center was established in 1980 and provides LGBTQI people therapy, counseling, psychotherapy, consultation and education throughout the Pioneer Valley of Western Mass and telephone and web cam therapy nation-wide.",,,,,,,,,,,,,,,,,,,,,
Men's Resource Center for Change,,,Amherst,MA,01004,Hampshire,support group,referrals ,resources,,,,,,,http://www.mrcforchange.org,413-253-9887 ,,mrc@mrcforchange.org,,,"Direct Prevention, Outreach and Stabilization Services",,,LGBTQ youth,,,,,"The mission of the Men's Resource Center for Change is to support men in developing healthy self-awareness and meaningful personal relationships with women, children and other men that move beyond the limits of masculine stereotypes and social patterns that have divided men historically. ",,,,,,,,,,,,,,,,,,,,,
"NOHO Pride, Inc",,,Northampton ,MA,01061,Hampshire,resources,public education,college preparation,,,,,,,http://www.site.nohopride.org/LGBT_Scholarship.html, 413-586-5602,,,,,"Education, Vocational and Skills Training",,,LGBTQ youth applying to college ,,,,,,,,,,,,,,,,,,,,,,,,,,
PFLAG Amherst,,,Amherst,MA,01004,Hampshire,support group,public education,resources,,,,,,,,413-586-2111,,,,,"Community Prevention, Education and Outreach",,,LGBTQ youth,parent ,ally,,,,,,,,,,,,,,,,,,,,,,,,
PFLAG Northampton,320 Riverside Drive,"Highland Valley Elder Services, Cutlery Building",Northampton,MA,01062,Hampshire,support group,public education,resources,,,,,,,,413 625-6636,,jcmalinski48@gmail.com,,,"Community Prevention, Education and Outreach",,,LGBTQ youth,parent ,ally,,,,,,,,,,,,,,,,,,,,,,,,
Pioneer Valley LGBTQ Women's Meetup Group,,,Easthampton,MA,01027,Hampshire,support group,social group,recreation,,,,,,,,http://www.meetup.com/pioneervalleywomen/,,,,,Clubhouse,,,LGBTQ youth,,,,,The purpose of this group is to build community for LGBTQ women in the greater Pioneer Valley area. ,,,,,,,,,,,,,,,,,,,,,
Resource Center for Gender and Sexuality,7 College Lane,Wesley House,Northampton ,MA,01063,Hampshire,resources,public education,,,,,,,,http://www.smith.edu/ose/rcsg.php,(413) 585-6014,,RCSG@smith.edu,,,"Education, Vocational and Skills Training",,,LGBTQ youth,,,college,,"The Resource Center for Sexuality & Gender (RCSG) seeks to contribute to understanding of the diverse meanings and expressions of sexuality and gender, and the intersection of sexuality, gender, class and race (as well as other social identities).",,,,,,,,,,,,,,,,,,,,,
Safe Passage,43 Center Street ,Suite 304,Northampton,MA,01060,Hampshire,intimate parter violence,shelter services,legal services,counseling,public education,support group,,,,http://www.safepass.org,413-586-1125 (office); 413-586-5066 (hotline),,,,,"Direct Prevention, Outreach and Stabilization Services",,,LGBTQ youth,,,,,"Safe Passage is committed to ending domestic violence and oppression in women's lives. All Safe Passage programs are free, accessible and confidential. Our comprehensive services include shelter, peer-support, counseling, education, advocacy, legal support and community education. ",,,,,,,,,,,,,,,,,,,,,
St. John's Episcopal Church,48 Elm Street,,Northampton,MA,01060,Hampshire,substance abuse services,spirituality,,,,,,,,http://www.stjohnsnorthampton.org,(413) 584-1757,,stjohnsnorthampton@verizon.net,,,"Direct Prevention, Outreach and Stabilization Services",,,LGBTQ youth,,,,,Runs Alcholics Anonymous support group,,,,,,,,,,,,,,,,,,,,,
Tapestry Health,296 Nonotuck Street,,Florence,MA,01062,Hampshire,healthcare,,,,,,,,,http://www.tapestryhealth.org/,(413) 586-2016,,,,,"Clinical and Medical Counseling, Therapy and Treatment",,,LGBTQ youth,,,,,Tapestry Health has delivered family planning and reproductive health services throughout western Massachusetts for almost four decades.,,,,,,,,,,,,,,,,,,,,,
Tapestry Health,27 Pray Street,,Amherst,MA,01002,Hampshire,healthcare,STI testing,HIV/AIDS,,,,,,,http://www.tapestryhealth.org/,(413) 548-9992,,,,,"Clinical and Medical Counseling, Therapy and Treatment",,,LGBTQ youth,,,,,Tapestry Health has delivered family planning and reproductive health services throughout western Massachusetts for almost four decades.,,,,,,,,,,,,,,,,,,,,,
Tapestry Health,16 Center Street,Suite 415,Northampton,MA,01060,Hampshire,healthcare,STI testing,HIV/AIDS,,,,,,,http://www.tapestryhealth.org/,(413) 586-2539,,,,,"Clinical and Medical Counseling, Therapy and Treatment",,,LGBTQ youth,,,,,Tapestry Health has delivered family planning and reproductive health services throughout western Massachusetts for almost four decades.,,,,,,,,,,,,,,,,,,,,,
The Center for Women and Community,180 Infirmary Way,New Africa House,Amherst,MA,01003,Hampshire,sexual assault services,support group,counseling,domestic violence,resources,,,,,http://www.umass.edu/ewc,413-545-0883 ,,ewcmail@admin.umass.edu,,,Child/ Adolescent/ Young Adult Intermediate-Term Stabilization,,,LGBTQ youth,,,,,"We provide innovative and informed education, leadership opportunities, advocacy, and support services, that address the cause and impact of sexism and recognize the multiple oppressions experienced by women. We offer services to people of all genders within the diverse communities of Hampshire County, the Five Colleges and the University of Massachusetts Amherst.",,,,,,,,,,,,,,,,,,,,,
The Stonewall Center,256 Sunset Ave,Crampton Hall ,Amherst,MA,01003,Hampshire,support group,public education,resoures,social group,referrals,,,,,http://www.umass.edu/stonewall/,(413) 545-4824,,stonewall@stuaf.umass.edu,,,Clubhouse,,,LGBTQ youth,,,,,"The Stonewall Center provides support, advocacy, and programming for LGBTQ and allied students, staff, and faculty at UMass Amherst and for the larger Pioneer Valley.",,,,,,,,,,,,,,,,,,,,,
The Sunshine Club,,,Hadley,MA,01035,Hampshire,support group,social group,,,,,,,,,413-586-5004,,rsteel@att.net,,,clubhouse,,,LGBTQ youth,transgender youth,,,,Support group for MTF transgender individuals that meets monthly in Hadley.,,,,,,,,,,,,,,,,,,,,,
True Colors , 5 Faculty Lane,Jeanette Marks House,South Hadley,MA,01075,Hampshire,support group,social group,public education ,resources,,,,,,https://www.mtholyoke.edu/org/colors/,,,owner-true-colors-l@mtholyoke.edu,,,Clubhouse,,,LGBTQ youth,,,college,,"A student organization for organizing and providing support, activism, outreach, and social functions for the lesbian, gay, bisexual, transgender*, queer, questioning, and straight ally population for the Mt. Holyoke community.",,,,,,,,,,,,,,,,,,,,,
Venture Out,,,Northampton,MA,,Hampshire,recreation,,,,,,,,,,(413) 584-8764 ,,ventureout.geo@yahoo.com,,,Clubhouse,,,LGBTQ youth,,,,,,,,,,,,,,,,,,,,,,,,,,
"Pat Jenkins, LICSW",16 Center St.,,Northampton ,MA,01060,Hampshire,counseling,mental health services,,,,,,,,http://patriciajenkinstherapy.com/,413-584-2590,,,,,"Clinical and Medical Counseling, Therapy, and Treatment",,,LGBTQ youth,,,,,"Patricia Jenkins MSW LICSW works as a psychotherapist in Northampton, MA.  She provides psychotherapy to adults, adolescents, children, couples and families.  Patricia also offers group therapy for adults who are dealing with specific issues.",,,,,,,,,,,,,,,,,,,,,
Treehouse Foundation,One Treehouse Circle,,Easthampton,MA,01027,Hampshire,foster care services,leadership development,support group,social group,recreation,,,,,http://refca.net/home-page,413-527-7966,,,,,Placement Services and Supports,,,LGBTQ youth,,,,,"The Treehouse Foundation promotes public investment in our most vulnerable children. We seek to inspire, implement and support innovative child welfare practices to ensure children who have experienced foster care find lifelong family relationships in supportive communities, which enable them to lead fulfilling and productive lives. Services include HEROES Youth Leadership program.",,,,,,,,,,,,,,,,,,,,,2012
American Civil Liberties Union of Massachusetts,39 Main Street,,Northampton,MA,01060,Hampshire,legal services,public education,resources,,,,,,,http://www.aclum.org/ ,413.586.9115,, info@aclum.org ,,,"Community Prevention, Education and Outreach",,,LGBTQ folks,,,,,,,,,,,,,,,,,,,,,,,,,,
Tapestry Health Needle Exchange,16 Center Street,Suite 423,Northampton,MA,01060,Hampshire,healthcare,STI testing,HIV/AIDS,needle exchange,,,,,,http://www.tapestryhealth.org/index.php/services/prevention/needle-exchange,(413) 586-0310,,,,,"Clinical and Medical Counseling, Therapy and Treatment",,,LGBTQ youth,,,,,Tapestry Health has delivered family planning and reproductive health services throughout western Massachusetts for almost four decades.,,,,,,,,,,,,,,,,,,,,,
Mason Sqaure Neighbourhood Health,11 Wilbraham Road,,Springfield,MA,01109,Hampden,healthcare,HIV/AIDS,STI testing,,,,,,,http://baystatehealth.com/Baystate/Main+Nav/About+Us/Locations/Baystate+Medical+Practices/Primary+Care/Mason+Square+Neighborhood+Health+Center,413-794-3710,,,,,"Clinical and Medical Counseling, Therapy, and Treatment",Clicinical and Medical Diagnostics,Individual Primary Care Wellness,Individuals infected/affected by HIV/AIDS,,,,,"Baystate Health's charitable mission is to improve the health of the people in our communities every day, with quality and compassion.",,,,,,,,,,,,,,,,,,,,,
Sharon Wretvel,11 Wilbraham Road,Mason Sqaure Neighbourhood Health,Springfield,MA,01109,Hampden,healthcare,primary care,,,,,,,,http://baystatehealth.com/Baystate/Main+Nav/ch.Find+a+Doctor.Print,413-794-3710,,,,,Individual Primary Care Wellness,,,LGBTQ youth,,,,,,,,,,,,,,,,,,,,,,,,,,
"Aleah Nesteby, RN, FNP (baystate)",140 High Street,Baystate High Street Health Center,Springfield,MA,01109,Hampden,Primary care,healthcare,,,,,,,,http://baystatehealth.com/Baystate/Main+Nav/ch.Find+a+Doctor.Print,413-794-2511 ,Aleah Nesteby,,,,Individual Primary Care Wellness,,,,,,18+,,,,,,,,,,,,,,,,,,,,,,,
Always Our Children,395 Chestnut St,Sacred Heart Church Diocese of Springfield,Springfield,MA,01104,Hampden,Support group,spirituality,,,,,,,,,"413-736-6803, 413-592-8670



",Ann Franczyk,annrun76@aol.com,,swtsomay@aol.com,"Community Prevention, Education, and Outreach",,,Parent,Family,LGBTQ youth,,,,,,,,,,,,,,,,,,,,,,,,
Child Guidance Clinic,,,Springfield,MA,,Hampden,Psychotherapy services,,,,,,,,,"110 Maple Street

Springfield, MA 01105",413-732-7419,"intake dept, vm",,,,"Clinicial and Medical Counseling, Therapy, and Treatment",,,,,,,,,,,,,,,,,,,,,,,,,,,,,
Claudia Martorell,57 Mulberry St,,Springfield,MA,01105,Hampden,Healthcare,,,,,,,,,,413-747-5566,,,,,"Clinical and Medical Counseling, Therapy, and Treatment",,,LGBTQ youth,transgender youth,,,,,,,,,,,,,,,,,,,,,,,,,
"David Norton, Holyoke Pediatrics",150 Lower Westfield Rd,,Holyoke,MA,01040,Hampden,Healthcare,Primary care,,,,,,,,http://www.holyokepediatrics.com/_providers/_norton/index.html,413-536-2393,David Norton,,,,Individual Primary Care Wellness,,,LGBTQ youth,,,,,,,,,,,,,,,,,,,,,,,,,,
GLBT Referral Service,,,,MA,,Hampden,referrals,,,,,,,,,,413-586-2627,,,,,Hotline Support,,,LGBTQ youth,,,,,A clearing house for quality LGBT-friendly clinicians across western MA,,,,,,,,,,,,,,,,,,,,,
Holyoke Equal Rights Association (HERA),6 Open Square Way,,Holyoke,MA,01040,Hampden,social group,support group,leadership development,resources,,,,,,http://youthtaskforce.org/youth/h-e-r-a-2/,413-532-6247 x103 ,Amy Epstein,aepstein@girlsincholyoke.org,,,"Community Prevention, Education, and Outreach",Child/Adolescent Community Based Social Skills and Recreation,,LGBTQ youth,,,,,"H.E.R.A. provide Holyoke’s LGBTQ youth and their allies a safe and bully free space, in where they can be themselves, receive safer sex information, develop their leadership, and more",,,,,,,,,,,,,,,,,,,,,
Holyoke Health Center,230 Maple Street,,Holyoke,MA,01040,Hampden,heatlhcare,HIV/AIDS,primary care,,,,,,,http://www.hhcinc.org/home.php,413-420-2200,,,,,"Clinical and Medical Counseling, Therapy, and Treatment ",Clicinical and Medical Diagnostics,Individual Primary Care Wellness,LGBTQ youth,transgender youth,,,,,,,,,,,,,,,,,,,,,,,,,
"Joanna Frost, MSW, LICSW",700 Main Street,,Holyoke,MA,01040,Hampden,mental health services,counseling,referrals ,,,,,,,http://www.joannafrost.com/Joanna_Frost/Welcome.html,413-534-3033,Joanna Frost,joannafrst@yahoo.com,,,"Clinical and Medical Counseling, Therapy, and Treatment",,,LGBTQ youth,transgender youth,,,,"An independent Licensed Clinical Social Worker providing a range of services, including those related to gender identity",,,,,,,,,,,,,,,,,,,,,
"Jorge Silva (new Number, other location of N Main St)   2.jay haver F) practice manager and hiv aids NP kristin benjamin 794-7421 and 530 4918",,,Springfield,MA,,Hampden,Endocrinology,,,,,,,,,"Bay State Medical Center

3300 Main St, Suite 3A

Springfield, MA 01199",413-794-7031,Jorge Silva,,,,"Clinical and Medical Counseling, Therapy, and Treatment",,,,,,,,,,,,,,,,,,,,,,,,,,,,,
Julie Dialessi-Lafley,33 State St,"Bacon Wilson, Attorneys at Law",Springfield,MA,01103,Hampden,Legal services,,,,,,,,,http://www.baconwilson.com/attorneys/dialessi-lafley,413-781-0560,Julie Dialessi-Lafley,JDialessi-lafley@BaconWilson.com,,,Legal Protective Services,,,,,,,,,,,,,,,,,,,,,,,,,,,,,
Kimberly Browne-Martin,2 Medical Center Drive,Suite 210,Springfield,MA,01107,Hampden,Healthcare,,,,,,,,,http://baystatehealth.com/Baystate/bmc,413-734-4661,Kimberly Browne-Martin,,,,"Clinical and Medical Counseling, Therapy, and Treatment",,,LGBTQ youth,transgender youth,,,,Endocrinologist at Baystate Medical Center,,,,,,,,,,,,,,,,,,,,,
Kyle Guelcher,45 Willow Street,Suite 321,Springfield,MA,01103,Hampden,Legal services,,,,,,,,,http://www.esq50.com/,413-781-4800,Kyle Guelcher,,,,Legal Protective Services,,,LGBTQ youth,transgender youth,,,,,,,,,,,,,,,,,,,,,,,,,
Liberty Street Clinic,417 Liberty Street ,,Springfield,MA,01104,Hampden,Mental health services,Healthcare,,,,,,,,http://bhninc.org/content/bhn-liberty-street-clinic,"413-301-9335 (Michelle)

413-301-9476 (Madeline)

413-301-9461 (John)

413-301-9465 (Lindsay)","Michelle Marchese;

Madeline Nussbaum;

John Danie Ritchie;

Lindsay Davison ",,,,"Clinical and Medical Counseling, Therapy, and Treatment",,,LGBTQ youth,,,,,Psychotherapy services,,,,,,,,,,,,,,,,,,,,,
Massachusetts Commission Against Discrimination ,436 Dwight Street,Suite 315,Springfield,MA,01103,Hampden,Resources,Legal Services,training and technical assistance,,,,,,,http://www.mass.gov/mcad/index.html,413-739-2145,,,,,Legal Protective Services,,,LGBTQ youth,,,,,"Receives discrimination complaints regarding housing, education, public accommodation, employment, and hate crimes",,,,,,,,,,,,,,,,,,,,,
"Melissa Johnson, Pioneer Valley Plastic Surgery",100 Wason Ave,Suite 360,Springfield,MA,01107,Hampden,Healthcare,,,,,,,,,http://www.pioneervalleyplasticsurgery.com/,413-731-7877,Melissa Johnson,,,,"Clinical and Medical Counseling, Therapy, and Treatment",,,LGBTQ youth,transgender youth,,,,"Provides plastic surgery, including FTM and MTF top surgery",,,,,,,,,,,,,,,,,,,,,
Mount Tom Center for Mental Health and Recovery,40 Bobola Road,,Holyoke,MA,01040,Hampden,mental health services,counseling,substance abuse services,,,,,,,http://bhninc.org/content/mt-tom-center-mental-health-recovery,413-536-5473,,,,,"Clinical and Medical Counseling, Therapy, and Treatment",,,LGBTQ youth,,,,,Mount Tom Center for Mental Health and Recovery is a community based licensed outpatient mental health and substance abuse program providing on-site and outreach services to the community,,,,,,,,,,,,,,,,,,,,,
Mount Tom City Clinic,230 Maple Street,,Holyoke,MA,01040,Hampden,mental health services,counseling,substance abuse services,,,,,,,http://bhninc.org/content/mt-tom-city-clinic,413-532-0389,,,,,"Clinical and Medical Counseling, Therapy, and Treatment",,,LGBTQ youth,,,,,"City Clinic is a community-based outpatient program providing bilingual (English/Spanish) culturally competent services to the Holyoke community. Our bilingual Master’s and  Doctoral level Clinicians, Nurses, and Psychiatrists provide assessment and treatment to clients dealing with a wide range of mental health and substance abuse issues. ",,,,,,,,,,,,,,,,,,,,,
Out Now ,32 Hampden St,,Springfield,MA,01103,Hampden,Support group,social group,leadership development,public education,resources,recreation,,,,http://outnowyouth.org/who-we-are-2/our-home/,"413-736-4610

outnow@comcast.net",Holly Richardson,,,,"Community Prevention, Education, and Outreach",Child/Adolescent Community Based Social Skills and Recreation,,LGBTQ youth,,,,,,,,,,,,,,,,,,,,,,,,,,
Pioneer Valley UniTy,3300 Main Street,,Springfield,MA,01199,Hampden,support group,,,,,,,,,http://groups.yahoo.com/group/unity-of-the-pioneer-valley/,"413-231-8834, 860-604-6343",Keri; Deja ,,,,"Community Prevention, Education, and Outreach",,,LGBTQ youth,transgender youth,parent,ally,,"This group is open to people who identify as transgender, as well as their allies, friends, significant others and family members. We are an inclusive group, and very much welcome supportive people from the larger GLBT community.",,,,,,,,,,,,,,,,,,,,,
School Street Counseling Institute,110 Maple Street,,Springfield,MA,01105,Hampden,mental health services,counseling,substance abuse services,,,,,,,http://bhninc.org/content/school-street-counseling,413-846-4300,,,,,"Clinical and Medical Counseling, Therapy, and Treatment",,,LGBTQ youth,,,,,"SSCI provides outpatient psychotherapeutic clinical services to children, families, and adults.  We serve clients with a wide variety of mental health and substance abuse problems.  Our staff includes professional psychologists, social workers, school counselors and psychiatrists.  SSCI offers linguistically and culturally competent services, as our staff offers services in Spanish, Russian, Polish, and Hebrew.",,,,,,,,,,,,,,,,,,,,,
"Stephanie Billings, Holyoke Health Center ",230 Maple St,,Holyoke,MA,01040,Hampden,healthcare,primary care,,,,,,,,http://www.hhcinc.org/,413-420-2200 x2272,Stephanie Billings,,,,Individual Primary Care Wellness,,,LGBTQ youth,,,,,,,,,,,,,,,,,,,,,,,,,,
Tapestry Health,306 Race Street,,Holyoke,MA,01040,Hampden,healthcare,STI testing,HIV/AIDS,,,,,,,http://www.tapestryhealth.org/,(413) 536-8777,,,,,"Clinical and Medical Counseling, Therapy and Treatment",,,LGBTQ youth,,,,,Tapestry Health has delivered family planning and reproductive health services throughout western Massachusetts for almost four decades.,,,,,,,,,,,,,,,,,,,,,
Tapestry Health,1985 Main Street,,Springfield,MA,01103,Hampden,healthcare,STI testing,HIV/AIDS,,,,,,,http://www.tapestryhealth.org/,(413) 733-6639,,,,,"Clinical and Medical Counseling, Therapy and Treatment",,,LGBTQ youth,,,,,Tapestry Health has delivered family planning and reproductive health services throughout western Massachusetts for almost four decades.,,,,,,,,,,,,,,,,,,,,,
Tapestry Health,130 Maple Street,Lower Level,Springfield,MA,01103,Hampden,healthcare,STI testing,HIV/AIDS,referrals ,housing services,,,,,http://www.tapestryhealth.org/,(413) 363-9472,,,,,"Clinical and Medical Counseling, Therapy and Treatment",,,LGBTQ youth,,,,,Tapestry Health has delivered family planning and reproductive health services throughout western Massachusetts for almost four decades.,,,,,,,,,,,,,,,,,,,,,
La Voz,130 Maple Street,Lower Level,Springfield,MA,01103,Hampden,healthcare,substance abuse services,HIV/AIDS,mental heatlh services,STI testing,referrals,,,,http://www.tapestryhealth.org/index.php/services/prevention/la-voz,(413) 363-9472,,,,,"Clinical and Medical Counseling, Therapy and Treatment",,,,,,,,Tapestry Health's La Voz Program provides neighborhood-centered public health interventions to high risk and underserved populations,,,,,,,,,,,,,,,,,,,,,
Tapestry Health,130 Maple Street,Lower Level,Springfield,MA,01103,Hampden,healthcare,STI testing,HIV/AIDS,referrals ,housing services,,,,,http://www.tapestryhealth.org/,(413) 363-9472,,,,,"Clinical and Medical Counseling, Therapy and Treatment",,,LGBTQ youth,,,,,Tapestry Health has delivered family planning and reproductive health services throughout western Massachusetts for almost four decades.,,,,,,,,,,,,,,,,,,,,,
Tapestry Health Needle Exchange,15A Main Street,,Holyoke,MA,01040,Hampden,healthcare,STI testing,HIV/AIDS,needle exchange,,,,,,http://www.tapestryhealth.org/index.php/services/prevention/needle-exchange,(413) 363-9472,,,,,"Clinical and Medical Counseling, Therapy and Treatment",,,LGBTQ youth,,,,,Tapestry Health has delivered family planning and reproductive health services throughout western Massachusetts for almost four decades.,,,,,,,,,,,,,,,,,,,,,
TransParent,,,Holyoke,MA,01040,Hampden,Support group,,,,,,,,,,413-695-7686,Nancy,pvtransparents1@gmail.com,,,"Community Prevention, Education, and Outreach",,,LGBTQ youth,parent,transgender youth,,,We are a support group for parents of transgender or gender non-conforming children and young adults. Our goal is to help support parents so that they can support their children.,,,,,,,,,,,,,,,,,,,,,
"Zenaida “Sandy” Ortega, Valley Psychiatric Services",511 East Columbus Avenue,,Springfield,MA,01105,Hampden,mental health services,healthcare,counseling,,,,,,,http://valleypsychiatric.com/,413-827-8959 x1583,,,,,"Clinical and Medical Counseling, Therapy, and Treatment",Clinical and Medical Diagnostics,,LGBTQ youth,transgender youth,,,,"Mental health clinician for LGBT individuals; gender evaluations and letters for change of gender identification, hormone therapy, sexual reassignment, and other surgery and legal matters",,,,,,,,,,,,,,,,,,,,,
"Eunice Aviles,. PsyD",57 Mulberry St,,Springfield,MA,01105,Hampden,mental health,counseling,,,,,,,,http://euniceaviles.com/,413-657-6105,Eunice Aviles,dr.euniceaviles@gmail.com,,therapy@euniceaviles.com ,"Clinical and Medical Counseling, Therapy and Treatment",,,LGBTQ youth,transgender youth,,,,"I am a Doctor in Clinical Psychology and a Licensed Mental Health Counselor. My general practice focuses on the treatment of depression, anxiety, trauma, substance abuse, impulse control disorders, and the emotional consequences of bullying (for youths and adults) and other social issues. I specialize in the diagnosis and treatment of sexual dysfunction as well as in sexual orientation and gender-related issues. ",,,,,,,,,,,,,,,,,,,,,
